tool,file,line,column,severity,code,rule,message,confidence,complexity,rank,name,entity_type,category,function,variable,crate,vulnerability,misspelling,correction
ty,tests\test_hexcore_e2e\test_bridge_transforms_deep.py,62,5,,unresolved-attribute,unresolved-attribute,Object of type `str` has no attribute `write_bytes`,,,,,,,,,,,,
ty,tests\test_hexcore_e2e\test_bridge_transforms_deep.py,73,40,,invalid-assignment,invalid-assignment,"Object of type `object` is not assignable to `list[dict[str, str]]`",,,,,,,,,,,,
ty,tests\test_hexcore_e2e\test_bridge_transforms_deep.py,94,36,,invalid-argument-type,invalid-argument-type,"Argument to function `_open_with_payload` is incorrect: Expected `str`, found `Path`",,,,,,,,,,,,
ty,tests\test_hexcore_e2e\test_bridge_transforms_deep.py,97,23,,invalid-assignment,invalid-assignment,Object of type `object` is not assignable to `str`,,,,,,,,,,,,
ty,tests\test_hexcore_e2e\test_bridge_transforms_deep.py,114,36,,invalid-argument-type,invalid-argument-type,"Argument to function `_open_with_payload` is incorrect: Expected `str`, found `Path`",,,,,,,,,,,,
ty,tests\test_hexcore_e2e\test_bridge_transforms_deep.py,117,23,,invalid-assignment,invalid-assignment,Object of type `object` is not assignable to `str`,,,,,,,,,,,,
ty,tests\test_hexcore_e2e\test_bridge_transforms_deep.py,132,36,,invalid-argument-type,invalid-argument-type,"Argument to function `_open_with_payload` is incorrect: Expected `str`, found `Path`",,,,,,,,,,,,
ty,tests\test_hexcore_e2e\test_bridge_transforms_deep.py,135,23,,invalid-assignment,invalid-assignment,Object of type `object` is not assignable to `str`,,,,,,,,,,,,
ty,tests\test_hexcore_e2e\test_bridge_transforms_deep.py,155,36,,invalid-argument-type,invalid-argument-type,"Argument to function `_open_with_payload` is incorrect: Expected `str`, found `Path`",,,,,,,,,,,,
ty,tests\test_hexcore_e2e\test_bridge_transforms_deep.py,161,23,,invalid-assignment,invalid-assignment,Object of type `object` is not assignable to `str`,,,,,,,,,,,,
ty,tests\test_hexcore_e2e\test_bridge_transforms_deep.py,176,44,,invalid-assignment,invalid-assignment,"Object of type `object` is not assignable to `list[dict[str, str]]`",,,,,,,,,,,,
ty,tests\test_hexcore_e2e\test_bridge_transforms_deep.py,182,36,,invalid-argument-type,invalid-argument-type,"Argument to function `_open_with_payload` is incorrect: Expected `str`, found `Path`",,,,,,,,,,,,
ty,tests\test_hexcore_e2e\test_bridge_transforms_deep.py,193,26,,invalid-assignment,invalid-assignment,Object of type `object` is not assignable to `str`,,,,,,,,,,,,
ty,tests\test_hexcore_e2e\test_bridge_transforms_deep.py,194,26,,invalid-assignment,invalid-assignment,Object of type `object` is not assignable to `str`,,,,,,,,,,,,
ty,tests\test_hexcore_e2e\test_bridge_transforms_deep.py,210,36,,invalid-argument-type,invalid-argument-type,"Argument to function `_open_with_payload` is incorrect: Expected `str`, found `Path`",,,,,,,,,,,,
ty,tests\test_hexcore_e2e\test_bridge_transforms_deep.py,217,23,,invalid-assignment,invalid-assignment,Object of type `object` is not assignable to `str`,,,,,,,,,,,,
ty,tests\test_hexcore_e2e\test_bridge_transforms_deep.py,235,36,,invalid-argument-type,invalid-argument-type,"Argument to function `_open_with_payload` is incorrect: Expected `str`, found `Path`",,,,,,,,,,,,
ty,tests\test_hexcore_e2e\test_bridge_transforms_deep.py,238,23,,invalid-assignment,invalid-assignment,Object of type `object` is not assignable to `str`,,,,,,,,,,,,
ty,tests\test_hexcore_e2e\test_bridge_transforms_deep.py,254,36,,invalid-argument-type,invalid-argument-type,"Argument to function `_open_with_payload` is incorrect: Expected `str`, found `Path`",,,,,,,,,,,,
ty,tests\test_hexcore_e2e\test_bridge_transforms_deep.py,257,23,,invalid-assignment,invalid-assignment,Object of type `object` is not assignable to `str`,,,,,,,,,,,,
ty,tests\test_hexcore_e2e\test_bridge_transforms_deep.py,279,36,,invalid-argument-type,invalid-argument-type,"Argument to function `_open_with_payload` is incorrect: Expected `str`, found `Path`",,,,,,,,,,,,
ty,tests\test_hexcore_e2e\test_bridge_transforms_deep.py,287,22,,invalid-assignment,invalid-assignment,Object of type `object` is not assignable to `str | None`,,,,,,,,,,,,
ty,tests\test_hexcore_e2e\test_bridge_transforms_deep.py,309,36,,invalid-argument-type,invalid-argument-type,"Argument to function `_open_with_payload` is incorrect: Expected `str`, found `Path`",,,,,,,,,,,,
ty,tests\test_hexcore_e2e\test_bridge_transforms_deep.py,311,23,,invalid-assignment,invalid-assignment,Object of type `object` is not assignable to `str`,,,,,,,,,,,,
ty,tests\test_hexcore_e2e\test_bridge_transforms_deep.py,325,36,,invalid-argument-type,invalid-argument-type,"Argument to function `_open_with_payload` is incorrect: Expected `str`, found `Path`",,,,,,,,,,,,
ty,tests\test_hexcore_e2e\test_bridge_transforms_deep.py,327,23,,invalid-assignment,invalid-assignment,Object of type `object` is not assignable to `str`,,,,,,,,,,,,
ty,tests\test_hexcore_e2e\test_bridge_transforms_deep.py,339,44,,invalid-assignment,invalid-assignment,"Object of type `object` is not assignable to `list[dict[str, str]]`",,,,,,,,,,,,
ty,tests\test_hexcore_e2e\test_bridge_transforms_deep.py,346,36,,invalid-argument-type,invalid-argument-type,"Argument to function `_open_with_payload` is incorrect: Expected `str`, found `Path`",,,,,,,,,,,,
ty,tests\test_hexcore_e2e\test_bridge_transforms_deep.py,348,23,,invalid-assignment,invalid-assignment,Object of type `object` is not assignable to `str`,,,,,,,,,,,,
ty,tests\test_hexcore_e2e\test_bridge_transforms_deep.py,363,44,,invalid-assignment,invalid-assignment,"Object of type `object` is not assignable to `list[dict[str, str]]`",,,,,,,,,,,,
ty,tests\test_hexcore_e2e\test_bridge_transforms_deep.py,369,36,,invalid-argument-type,invalid-argument-type,"Argument to function `_open_with_payload` is incorrect: Expected `str`, found `Path`",,,,,,,,,,,,
ty,tests\test_hexcore_e2e\test_bridge_transforms_deep.py,371,23,,invalid-assignment,invalid-assignment,Object of type `object` is not assignable to `str`,,,,,,,,,,,,
ty,tests\test_hexcore_e2e\test_bridge_transforms_deep.py,387,36,,invalid-argument-type,invalid-argument-type,"Argument to function `_open_with_payload` is incorrect: Expected `str`, found `Path`",,,,,,,,,,,,
ty,tests\test_hexcore_e2e\test_bridge_transforms_deep.py,389,23,,invalid-assignment,invalid-assignment,Object of type `object` is not assignable to `str`,,,,,,,,,,,,
ty,tests\test_hexcore_e2e\test_bridge_transforms_deep.py,403,36,,invalid-argument-type,invalid-argument-type,"Argument to function `_open_with_payload` is incorrect: Expected `str`, found `Path`",,,,,,,,,,,,
ty,tests\test_hexcore_e2e\test_bridge_transforms_deep.py,405,29,,invalid-assignment,invalid-assignment,Object of type `object` is not assignable to `str`,,,,,,,,,,,,
ty,tests\test_hexcore_e2e\test_bridge_transforms_deep.py,406,30,,invalid-assignment,invalid-assignment,Object of type `object` is not assignable to `str`,,,,,,,,,,,,
ty,tests\test_hexcore_e2e\test_bridge_transforms_deep.py,422,36,,invalid-argument-type,invalid-argument-type,"Argument to function `_open_with_payload` is incorrect: Expected `str`, found `Path`",,,,,,,,,,,,
ty,tests\test_hexcore_e2e\test_bridge_transforms_deep.py,424,23,,invalid-assignment,invalid-assignment,Object of type `object` is not assignable to `str`,,,,,,,,,,,,
ty,tests\test_hexcore_e2e\test_bridge_transforms_deep.py,426,29,,invalid-assignment,invalid-assignment,Object of type `object` is not assignable to `str`,,,,,,,,,,,,
ty,tests\test_hexcore_e2e\test_bridge_transforms_deep.py,438,23,,invalid-assignment,invalid-assignment,Object of type `object` is not assignable to `str`,,,,,,,,,,,,
ty,tests\test_hexcore_e2e\test_bridge_transforms_deep.py,456,36,,invalid-argument-type,invalid-argument-type,"Argument to function `_open_with_payload` is incorrect: Expected `str`, found `Path`",,,,,,,,,,,,
ty,tests\test_hexcore_e2e\test_bridge_transforms_deep.py,466,23,,invalid-assignment,invalid-assignment,Object of type `object` is not assignable to `str`,,,,,,,,,,,,
ty,tests\test_hexcore_e2e\test_bridge_new_capabilities.py,69,23,,invalid-assignment,invalid-assignment,Object of type `object` is not assignable to `str`,,,,,,,,,,,,
ty,tests\test_hexcore_e2e\test_bridge_new_capabilities.py,84,23,,invalid-assignment,invalid-assignment,Object of type `object` is not assignable to `str`,,,,,,,,,,,,
ty,tests\test_hexcore_e2e\test_bridge_new_capabilities.py,99,23,,invalid-assignment,invalid-assignment,Object of type `object` is not assignable to `str`,,,,,,,,,,,,
ty,tests\test_hexcore_e2e\test_bridge_new_capabilities.py,116,24,,invalid-assignment,invalid-assignment,Object of type `object` is not assignable to `str`,,,,,,,,,,,,
ty,tests\test_hexcore_e2e\test_bridge_new_capabilities.py,117,24,,invalid-assignment,invalid-assignment,Object of type `object` is not assignable to `str`,,,,,,,,,,,,
ty,tests\test_hexcore_e2e\test_bridge_new_capabilities.py,141,41,,invalid-assignment,invalid-assignment,"Object of type `object` is not assignable to `list[dict[str, int]]`",,,,,,,,,,,,
ty,tests\test_hexcore_e2e\test_bridge_new_capabilities.py,151,41,,invalid-assignment,invalid-assignment,"Object of type `object` is not assignable to `list[dict[str, int]]`",,,,,,,,,,,,
ty,tests\test_hexcore_e2e\test_bridge_new_capabilities.py,160,41,,invalid-assignment,invalid-assignment,"Object of type `object` is not assignable to `list[dict[str, int]]`",,,,,,,,,,,,
ty,tests\test_hexcore_e2e\test_bridge_new_capabilities.py,170,41,,invalid-assignment,invalid-assignment,"Object of type `object` is not assignable to `list[dict[str, int]]`",,,,,,,,,,,,
ty,tests\test_hexcore_e2e\test_bridge_new_capabilities.py,184,41,,invalid-assignment,invalid-assignment,"Object of type `object` is not assignable to `list[dict[str, int]]`",,,,,,,,,,,,
ty,tests\test_hexcore_e2e\test_bridge_new_capabilities.py,208,41,,invalid-assignment,invalid-assignment,"Object of type `object` is not assignable to `list[dict[str, int]]`",,,,,,,,,,,,
ty,tests\test_hexcore_e2e\test_bridge_new_capabilities.py,231,41,,invalid-assignment,invalid-assignment,"Object of type `object` is not assignable to `list[dict[str, int]]`",,,,,,,,,,,,
ty,tests\test_hexcore_e2e\test_bridge_new_capabilities.py,235,28,,invalid-assignment,invalid-assignment,Object of type `object` is not assignable to `str`,,,,,,,,,,,,
ty,tests\test_hexcore_e2e\test_bridge_new_capabilities.py,259,41,,invalid-assignment,invalid-assignment,"Object of type `object` is not assignable to `list[dict[str, int]]`",,,,,,,,,,,,
ty,tests\test_hexcore_e2e\test_bridge_new_capabilities.py,280,41,,invalid-assignment,invalid-assignment,"Object of type `object` is not assignable to `list[dict[str, int]]`",,,,,,,,,,,,
ty,tests\test_hexcore_e2e\test_bridge_new_capabilities.py,298,51,,invalid-assignment,invalid-assignment,"Object of type `object` is not assignable to `list[dict[str, int]]`",,,,,,,,,,,,
ty,tests\test_hexcore_e2e\test_bridge_new_capabilities.py,299,49,,invalid-assignment,invalid-assignment,"Object of type `object` is not assignable to `list[dict[str, int]]`",,,,,,,,,,,,
ty,tests\test_hexcore_e2e\test_bridge_new_capabilities.py,333,41,,invalid-assignment,invalid-assignment,"Object of type `object` is not assignable to `list[dict[str, int]]`",,,,,,,,,,,,
ty,tests\test_hexcore_e2e\test_bridge_new_capabilities.py,351,41,,invalid-assignment,invalid-assignment,"Object of type `object` is not assignable to `list[dict[str, int]]`",,,,,,,,,,,,
ty,tests\test_hexcore_e2e\test_bridge_new_capabilities.py,420,28,,invalid-assignment,invalid-assignment,Object of type `object` is not assignable to `str`,,,,,,,,,,,,
ty,tests\test_hexcore_e2e\test_bridge_new_capabilities.py,427,22,,invalid-assignment,invalid-assignment,Object of type `object` is not assignable to `int`,,,,,,,,,,,,
ty,tests\test_hexcore_e2e\test_bridge_new_capabilities.py,430,24,,invalid-assignment,invalid-assignment,Object of type `object` is not assignable to `str`,,,,,,,,,,,,
ty,tests\test_hexcore_e2e\test_bridge_new_capabilities.py,450,41,,invalid-assignment,invalid-assignment,"Object of type `object` is not assignable to `list[dict[str, int]]`",,,,,,,,,,,,
ty,tests\test_hexcore_e2e\test_bridge_new_capabilities.py,466,39,,invalid-assignment,invalid-assignment,"Object of type `object` is not assignable to `list[dict[str, int]]`",,,,,,,,,,,,
ty,tests\test_hexcore_e2e\test_bridge_new_capabilities.py,467,40,,invalid-assignment,invalid-assignment,"Object of type `object` is not assignable to `list[dict[str, int]]`",,,,,,,,,,,,
ty,tests\test_hexcore_e2e\test_bridge_new_capabilities.py,489,41,,invalid-assignment,invalid-assignment,"Object of type `object` is not assignable to `list[dict[str, int]]`",,,,,,,,,,,,
ty,tests\test_hexcore_e2e\test_bridge_new_capabilities.py,506,41,,invalid-assignment,invalid-assignment,"Object of type `object` is not assignable to `list[dict[str, int]]`",,,,,,,,,,,,
ty,tests\test_hexcore_e2e\test_bridge_new_capabilities.py,520,41,,invalid-assignment,invalid-assignment,"Object of type `object` is not assignable to `list[dict[str, int]]`",,,,,,,,,,,,
ty,tests\test_hexcore_e2e\test_bridge_new_capabilities.py,534,34,,invalid-assignment,invalid-assignment,"Object of type `object` is not assignable to `dict[str, Any]`",,,,,,,,,,,,
ty,tests\test_hexcore_e2e\test_bridge_new_capabilities.py,548,41,,invalid-assignment,invalid-assignment,"Object of type `object` is not assignable to `list[dict[str, int]]`",,,,,,,,,,,,
ty,tests\test_hexcore_e2e\test_bridge_new_capabilities.py,561,25,,invalid-assignment,invalid-assignment,Object of type `object` is not assignable to `str`,,,,,,,,,,,,
ty,tests\test_bridges\test_cutter.py,161,5,,invalid-assignment,invalid-assignment,Invalid assignment to data descriptor attribute `r2` on type `CutterBridge` with custom `__set__` method,,,,,,,,,,,,
ty,tests\test_bridges\test_cutter.py,195,9,,invalid-assignment,invalid-assignment,Invalid assignment to data descriptor attribute `r2` on type `CutterBridge` with custom `__set__` method,,,,,,,,,,,,
ty,tests\test_bridges\test_cutter.py,657,9,,invalid-assignment,invalid-assignment,Invalid assignment to data descriptor attribute `r2` on type `CutterBridge` with custom `__set__` method,,,,,,,,,,,,
ty,tests\test_bridges\test_cutter.py,678,9,,invalid-assignment,invalid-assignment,Invalid assignment to data descriptor attribute `r2` on type `CutterBridge` with custom `__set__` method,,,,,,,,,,,,
ty,tests\test_bridges\test_cutter.py,700,9,,invalid-assignment,invalid-assignment,Invalid assignment to data descriptor attribute `r2` on type `CutterBridge` with custom `__set__` method,,,,,,,,,,,,
ty,tests\test_bridges\test_cutter.py,718,9,,invalid-assignment,invalid-assignment,Invalid assignment to data descriptor attribute `r2` on type `CutterBridge` with custom `__set__` method,,,,,,,,,,,,
ty,tests\test_bridges\test_cutter.py,831,9,,invalid-assignment,invalid-assignment,Invalid assignment to data descriptor attribute `r2` on type `CutterBridge` with custom `__set__` method,,,,,,,,,,,,
ty,tests\test_bridges\test_cutter.py,839,9,,invalid-assignment,invalid-assignment,Invalid assignment to data descriptor attribute `r2` on type `CutterBridge` with custom `__set__` method,,,,,,,,,,,,
ty,tests\test_bridges\test_cutter.py,847,9,,invalid-assignment,invalid-assignment,Invalid assignment to data descriptor attribute `r2` on type `CutterBridge` with custom `__set__` method,,,,,,,,,,,,
ty,tests\test_bridges\test_cutter.py,920,9,,invalid-assignment,invalid-assignment,Invalid assignment to data descriptor attribute `r2` on type `CutterBridge` with custom `__set__` method,,,,,,,,,,,,
ty,tests\test_bridges\test_cutter.py,994,9,,invalid-assignment,invalid-assignment,Invalid assignment to data descriptor attribute `r2` on type `CutterBridge` with custom `__set__` method,,,,,,,,,,,,
ty,tests\test_bridges\test_cutter.py,1007,9,,invalid-assignment,invalid-assignment,Invalid assignment to data descriptor attribute `r2` on type `CutterBridge` with custom `__set__` method,,,,,,,,,,,,
ty,tests\test_bridges\test_cutter.py,1077,9,,invalid-assignment,invalid-assignment,Invalid assignment to data descriptor attribute `r2` on type `CutterBridge` with custom `__set__` method,,,,,,,,,,,,
ty,tests\test_bridges\test_cutter.py,1098,9,,invalid-assignment,invalid-assignment,Invalid assignment to data descriptor attribute `r2` on type `CutterBridge` with custom `__set__` method,,,,,,,,,,,,
ty,tests\test_bridges\test_cutter.py,1117,9,,invalid-assignment,invalid-assignment,Invalid assignment to data descriptor attribute `r2` on type `CutterBridge` with custom `__set__` method,,,,,,,,,,,,
ty,tests\test_bridges\test_cutter.py,1137,9,,invalid-assignment,invalid-assignment,Invalid assignment to data descriptor attribute `r2` on type `CutterBridge` with custom `__set__` method,,,,,,,,,,,,
ty,tests\test_bridges\test_cutter.py,1164,9,,invalid-assignment,invalid-assignment,Invalid assignment to data descriptor attribute `r2` on type `CutterBridge` with custom `__set__` method,,,,,,,,,,,,
ty,tests\test_bridges\test_cutter.py,1175,9,,invalid-assignment,invalid-assignment,Invalid assignment to data descriptor attribute `r2` on type `CutterBridge` with custom `__set__` method,,,,,,,,,,,,
ty,tests\test_bridges\test_cutter.py,1193,9,,invalid-assignment,invalid-assignment,Invalid assignment to data descriptor attribute `r2` on type `CutterBridge` with custom `__set__` method,,,,,,,,,,,,
ty,tests\test_bridges\test_cutter.py,1209,9,,invalid-assignment,invalid-assignment,Invalid assignment to data descriptor attribute `r2` on type `CutterBridge` with custom `__set__` method,,,,,,,,,,,,
ty,tests\test_bridges\test_cutter.py,1228,9,,invalid-assignment,invalid-assignment,Invalid assignment to data descriptor attribute `r2` on type `CutterBridge` with custom `__set__` method,,,,,,,,,,,,
ty,tests\test_bridges\test_cutter.py,1245,9,,invalid-assignment,invalid-assignment,Invalid assignment to data descriptor attribute `r2` on type `CutterBridge` with custom `__set__` method,,,,,,,,,,,,
ty,tests\test_bridges\test_cutter.py,1263,9,,invalid-assignment,invalid-assignment,Invalid assignment to data descriptor attribute `r2` on type `CutterBridge` with custom `__set__` method,,,,,,,,,,,,
ty,tests\test_bridges\test_cutter.py,1281,9,,invalid-assignment,invalid-assignment,Invalid assignment to data descriptor attribute `r2` on type `CutterBridge` with custom `__set__` method,,,,,,,,,,,,
ty,tests\test_bridges\test_cutter.py,1292,9,,invalid-assignment,invalid-assignment,Invalid assignment to data descriptor attribute `r2` on type `CutterBridge` with custom `__set__` method,,,,,,,,,,,,
ty,tests\test_bridges\test_cutter.py,1308,9,,invalid-assignment,invalid-assignment,Invalid assignment to data descriptor attribute `r2` on type `CutterBridge` with custom `__set__` method,,,,,,,,,,,,
ty,tests\test_bridges\test_cutter.py,1317,9,,invalid-assignment,invalid-assignment,Invalid assignment to data descriptor attribute `r2` on type `CutterBridge` with custom `__set__` method,,,,,,,,,,,,
ty,tests\test_hexcore_e2e\test_bridge_display_modes_complete.py,52,24,,invalid-assignment,invalid-assignment,Object of type `object` is not assignable to `bool`,,,,,,,,,,,,
ty,tests\test_hexcore_e2e\test_bridge_display_modes_complete.py,62,21,,invalid-assignment,invalid-assignment,Object of type `object` is not assignable to `str`,,,,,,,,,,,,
ty,tests\test_hexcore_e2e\test_bridge_display_modes_complete.py,72,21,,invalid-assignment,invalid-assignment,Object of type `object` is not assignable to `str`,,,,,,,,,,,,
ty,tests\test_hexcore_e2e\test_bridge_display_modes_complete.py,82,21,,invalid-assignment,invalid-assignment,Object of type `object` is not assignable to `str`,,,,,,,,,,,,
ty,tests\test_hexcore_e2e\test_bridge_display_modes_complete.py,92,21,,invalid-assignment,invalid-assignment,Object of type `object` is not assignable to `str`,,,,,,,,,,,,
ty,tests\test_hexcore_e2e\test_bridge_display_modes_complete.py,102,21,,invalid-assignment,invalid-assignment,Object of type `object` is not assignable to `str`,,,,,,,,,,,,
ty,tests\test_hexcore_e2e\test_bridge_display_modes_complete.py,112,21,,invalid-assignment,invalid-assignment,Object of type `object` is not assignable to `str`,,,,,,,,,,,,
ty,tests\test_hexcore_e2e\test_bridge_display_modes_complete.py,122,21,,invalid-assignment,invalid-assignment,Object of type `object` is not assignable to `str`,,,,,,,,,,,,
ty,tests\test_hexcore_e2e\test_bridge_display_modes_complete.py,132,21,,invalid-assignment,invalid-assignment,Object of type `object` is not assignable to `str`,,,,,,,,,,,,
ty,tests\test_hexcore_e2e\test_bridge_display_modes_complete.py,142,21,,invalid-assignment,invalid-assignment,Object of type `object` is not assignable to `str`,,,,,,,,,,,,
ty,tests\test_hexcore_e2e\test_bridge_display_modes_complete.py,152,21,,invalid-assignment,invalid-assignment,Object of type `object` is not assignable to `str`,,,,,,,,,,,,
ty,tests\test_hexcore_e2e\test_bridge_display_modes_complete.py,162,21,,invalid-assignment,invalid-assignment,Object of type `object` is not assignable to `str`,,,,,,,,,,,,
ty,tests\test_hexcore_e2e\test_bridge_display_modes_complete.py,172,21,,invalid-assignment,invalid-assignment,Object of type `object` is not assignable to `str`,,,,,,,,,,,,
ty,tests\test_hexcore_e2e\test_bridge_display_modes_complete.py,182,21,,invalid-assignment,invalid-assignment,Object of type `object` is not assignable to `str`,,,,,,,,,,,,
ty,tests\test_hexcore_e2e\test_bridge_display_modes_complete.py,193,23,,invalid-assignment,invalid-assignment,Object of type `object` is not assignable to `str`,,,,,,,,,,,,
ty,tests\test_hexcore_e2e\test_bridge_display_modes_complete.py,207,24,,invalid-assignment,invalid-assignment,Object of type `object` is not assignable to `str`,,,,,,,,,,,,
ty,tests\test_hexcore_e2e\test_bridge_display_modes_complete.py,219,24,,invalid-assignment,invalid-assignment,Object of type `object` is not assignable to `str`,,,,,,,,,,,,
ty,tests\test_hexcore_e2e\test_bridge_display_modes_complete.py,220,39,,invalid-assignment,invalid-assignment,"Object of type `object` is not assignable to `list[dict[str, Any]]`",,,,,,,,,,,,
ty,tests\test_hexcore_e2e\test_bridge_display_modes_complete.py,231,24,,invalid-assignment,invalid-assignment,Object of type `object` is not assignable to `str`,,,,,,,,,,,,
ty,tests\test_hexcore_e2e\test_bridge_display_modes_complete.py,232,39,,invalid-assignment,invalid-assignment,"Object of type `object` is not assignable to `list[dict[str, Any]]`",,,,,,,,,,,,
ty,tests\test_hexcore_e2e\test_bridge_display_modes_complete.py,244,24,,invalid-assignment,invalid-assignment,Object of type `object` is not assignable to `str`,,,,,,,,,,,,
ty,tests\test_hexcore_e2e\test_bridge_display_modes_complete.py,245,39,,invalid-assignment,invalid-assignment,"Object of type `object` is not assignable to `list[dict[str, Any]]`",,,,,,,,,,,,
ty,tests\test_hexcore_e2e\test_bridge_display_modes_complete.py,257,24,,invalid-assignment,invalid-assignment,Object of type `object` is not assignable to `str`,,,,,,,,,,,,
ty,tests\test_hexcore_e2e\test_bridge_display_modes_complete.py,258,25,,invalid-assignment,invalid-assignment,Object of type `object` is not assignable to `bool`,,,,,,,,,,,,
ty,tests\test_hexcore_e2e\test_bridge_display_modes_complete.py,268,24,,invalid-assignment,invalid-assignment,Object of type `object` is not assignable to `str`,,,,,,,,,,,,
ty,tests\test_hexcore_e2e\test_bridge_display_modes_complete.py,270,39,,invalid-assignment,invalid-assignment,"Object of type `object` is not assignable to `list[dict[str, Any]]`",,,,,,,,,,,,
ty,tests\test_hexcore_e2e\test_bridge_concurrent.py,63,38,,invalid-assignment,invalid-assignment,"Object of type `object` is not assignable to `dict[str, Any]`",,,,,,,,,,,,
ty,tests\test_hexcore_e2e\test_bridge_concurrent.py,77,27,,invalid-assignment,invalid-assignment,Object of type `object` is not assignable to `str`,,,,,,,,,,,,
ty,tests\test_hexcore_e2e\test_bridge_concurrent.py,81,28,,invalid-assignment,invalid-assignment,Object of type `object` is not assignable to `str`,,,,,,,,,,,,
ty,tests\test_hexcore_e2e\test_bridge_concurrent.py,95,25,,invalid-assignment,invalid-assignment,Object of type `object` is not assignable to `str`,,,,,,,,,,,,
ty,tests\test_hexcore_e2e\test_bridge_concurrent.py,99,26,,invalid-assignment,invalid-assignment,Object of type `object` is not assignable to `str`,,,,,,,,,,,,
ty,tests\test_hexcore_e2e\test_bridge_concurrent.py,120,22,,invalid-assignment,invalid-assignment,Object of type `object` is not assignable to `str`,,,,,,,,,,,,
ty,tests\test_hexcore_e2e\test_bridge_concurrent.py,140,16,,unresolved-attribute,unresolved-attribute,Object of type `HexEditorBridge` has no attribute `cursor_offset`,,,,,,,,,,,,
ty,tests\test_hexcore_e2e\test_bridge_concurrent.py,153,16,,unresolved-attribute,unresolved-attribute,Object of type `HexEditorBridge` has no attribute `selection`,,,,,,,,,,,,
ty,tests\test_hexcore_e2e\test_bridge_concurrent.py,178,32,,invalid-assignment,invalid-assignment,"Object of type `object` is not assignable to `dict[str, Any]`",,,,,,,,,,,,
ty,tests\test_hexcore_e2e\test_bridge_concurrent.py,196,24,,invalid-assignment,invalid-assignment,Object of type `object` is not assignable to `str`,,,,,,,,,,,,
ty,tests\test_hexcore_e2e\test_bridge_concurrent.py,202,24,,invalid-assignment,invalid-assignment,Object of type `object` is not assignable to `str`,,,,,,,,,,,,
ty,tests\test_hexcore_e2e\test_bridge_concurrent.py,252,24,,invalid-assignment,invalid-assignment,Object of type `object` is not assignable to `str`,,,,,,,,,,,,
ty,tests\test_hexcore_e2e\test_bridge_concurrent.py,253,25,,invalid-assignment,invalid-assignment,Object of type `object` is not assignable to `str`,,,,,,,,,,,,
ty,tests\test_hexcore_e2e\test_bridge_concurrent.py,279,23,,invalid-assignment,invalid-assignment,Object of type `object` is not assignable to `str`,,,,,,,,,,,,
ty,tests\test_hexcore_e2e\test_bridge_concurrent.py,283,22,,invalid-assignment,invalid-assignment,Object of type `object` is not assignable to `str`,,,,,,,,,,,,
ty,tests\test_hexcore_e2e\test_bridge_concurrent.py,314,25,,invalid-assignment,invalid-assignment,Object of type `object` is not assignable to `str`,,,,,,,,,,,,
ty,tests\test_hexcore_e2e\test_bridge_concurrent.py,315,26,,invalid-assignment,invalid-assignment,Object of type `object` is not assignable to `str`,,,,,,,,,,,,
ty,tests\test_hexcore_e2e\test_bridge_concurrent.py,316,26,,invalid-assignment,invalid-assignment,Object of type `object` is not assignable to `str`,,,,,,,,,,,,
ty,tests\test_hexcore_e2e\test_bridge_concurrent.py,345,23,,invalid-assignment,invalid-assignment,Object of type `object` is not assignable to `str`,,,,,,,,,,,,
ty,tests\test_hexcore_e2e\test_bridge_concurrent.py,359,32,,invalid-assignment,invalid-assignment,Object of type `object` is not assignable to `str`,,,,,,,,,,,,
ty,tests\test_hexcore_e2e\test_bridge_concurrent.py,364,31,,invalid-assignment,invalid-assignment,Object of type `object` is not assignable to `str`,,,,,,,,,,,,
ty,tests\test_hexcore_e2e\test_bridge_concurrent.py,379,27,,invalid-assignment,invalid-assignment,Object of type `object` is not assignable to `str`,,,,,,,,,,,,
ty,tests\test_hexcore_e2e\test_bridge_encoding_decoding.py,66,23,,invalid-assignment,invalid-assignment,Object of type `object` is not assignable to `str`,,,,,,,,,,,,
ty,tests\test_hexcore_e2e\test_bridge_encoding_decoding.py,83,23,,invalid-assignment,invalid-assignment,Object of type `object` is not assignable to `str`,,,,,,,,,,,,
ty,tests\test_hexcore_e2e\test_bridge_encoding_decoding.py,100,23,,invalid-assignment,invalid-assignment,Object of type `object` is not assignable to `str`,,,,,,,,,,,,
ty,tests\test_hexcore_e2e\test_bridge_encoding_decoding.py,117,23,,invalid-assignment,invalid-assignment,Object of type `object` is not assignable to `str`,,,,,,,,,,,,
ty,tests\test_hexcore_e2e\test_bridge_encoding_decoding.py,135,23,,invalid-assignment,invalid-assignment,Object of type `object` is not assignable to `str`,,,,,,,,,,,,
ty,tests\test_hexcore_e2e\test_bridge_encoding_decoding.py,153,25,,invalid-assignment,invalid-assignment,Object of type `object` is not assignable to `str`,,,,,,,,,,,,
ty,tests\test_hexcore_e2e\test_bridge_encoding_decoding.py,154,25,,invalid-assignment,invalid-assignment,Object of type `object` is not assignable to `str`,,,,,,,,,,,,
ty,tests\test_hexcore_e2e\test_bridge_encoding_decoding.py,174,22,,invalid-assignment,invalid-assignment,Object of type `object` is not assignable to `str | None`,,,,,,,,,,,,
ty,tests\test_hexcore_e2e\test_bridge_encoding_decoding.py,194,23,,invalid-assignment,invalid-assignment,Object of type `object` is not assignable to `str`,,,,,,,,,,,,
ty,tests\test_hexcore_e2e\test_bridge_encoding_decoding.py,209,23,,invalid-assignment,invalid-assignment,Object of type `object` is not assignable to `str`,,,,,,,,,,,,
ty,tests\test_hexcore_e2e\test_bridge_encoding_decoding.py,223,40,,invalid-assignment,invalid-assignment,"Object of type `object` is not assignable to `list[dict[str, str]]`",,,,,,,,,,,,
ty,tests\test_hexcore_e2e\test_bridge_encoding_decoding.py,234,40,,invalid-assignment,invalid-assignment,"Object of type `object` is not assignable to `list[dict[str, str]]`",,,,,,,,,,,,
ty,tests\test_hexcore_e2e\test_bridge_encoding_decoding.py,245,40,,invalid-assignment,invalid-assignment,"Object of type `object` is not assignable to `list[dict[str, str]]`",,,,,,,,,,,,
ty,tests\test_hexcore_e2e\test_bridge_encoding_decoding.py,256,40,,invalid-assignment,invalid-assignment,"Object of type `object` is not assignable to `list[dict[str, str]]`",,,,,,,,,,,,
ty,tests\test_hexcore_e2e\test_bridge_encoding_decoding.py,267,40,,invalid-assignment,invalid-assignment,"Object of type `object` is not assignable to `list[dict[str, str]]`",,,,,,,,,,,,
ty,tests\test_hexcore_e2e\test_bridge_encoding_decoding.py,278,40,,invalid-assignment,invalid-assignment,"Object of type `object` is not assignable to `list[dict[str, str]]`",,,,,,,,,,,,
ty,tests\test_hexcore_e2e\test_bridge_encoding_decoding.py,290,40,,invalid-assignment,invalid-assignment,"Object of type `object` is not assignable to `list[dict[str, str]]`",,,,,,,,,,,,
ty,tests\test_hexcore_e2e\test_bridge_encoding_decoding.py,303,45,,invalid-assignment,invalid-assignment,"Object of type `object` is not assignable to `list[dict[str, str]]`",,,,,,,,,,,,
ty,tests\test_hexcore_e2e\test_bridge_encoding_decoding.py,309,42,,invalid-assignment,invalid-assignment,"Object of type `object` is not assignable to `list[dict[str, str]]`",,,,,,,,,,,,
ty,tests\test_hexcore_e2e\test_bridge_encoding_decoding.py,319,40,,invalid-assignment,invalid-assignment,"Object of type `object` is not assignable to `list[dict[str, str]]`",,,,,,,,,,,,
ty,tests\test_hexcore_e2e\test_bridge_encoding_decoding.py,338,43,,invalid-assignment,invalid-assignment,"Object of type `object` is not assignable to `list[dict[str, str]]`",,,,,,,,,,,,
ty,tests\test_hexcore_e2e\test_bridge_encoding_decoding.py,345,23,,invalid-assignment,invalid-assignment,Object of type `object` is not assignable to `str`,,,,,,,,,,,,
ty,tests\test_hexcore_e2e\test_bridge_hash_advanced.py,114,23,,invalid-assignment,invalid-assignment,Object of type `object` is not assignable to `str`,,,,,,,,,,,,
ty,tests\test_hexcore_e2e\test_bridge_hash_advanced.py,129,23,,invalid-assignment,invalid-assignment,Object of type `object` is not assignable to `str`,,,,,,,,,,,,
ty,tests\test_hexcore_e2e\test_bridge_hash_advanced.py,140,30,,invalid-assignment,invalid-assignment,Object of type `object` is not assignable to `str`,,,,,,,,,,,,
ty,tests\test_hexcore_e2e\test_bridge_hash_advanced.py,141,27,,invalid-assignment,invalid-assignment,Object of type `object` is not assignable to `str`,,,,,,,,,,,,
ty,tests\test_hexcore_e2e\test_bridge_hash_advanced.py,154,23,,invalid-assignment,invalid-assignment,Object of type `object` is not assignable to `str`,,,,,,,,,,,,
ty,tests\test_hexcore_e2e\test_bridge_hash_advanced.py,165,23,,invalid-assignment,invalid-assignment,Object of type `object` is not assignable to `str`,,,,,,,,,,,,
ty,tests\test_hexcore_e2e\test_bridge_hash_advanced.py,179,23,,invalid-assignment,invalid-assignment,Object of type `object` is not assignable to `str`,,,,,,,,,,,,
ty,tests\test_hexcore_e2e\test_bridge_hash_advanced.py,193,23,,invalid-assignment,invalid-assignment,Object of type `object` is not assignable to `str`,,,,,,,,,,,,
ty,tests\test_hexcore_e2e\test_bridge_hash_advanced.py,205,23,,invalid-assignment,invalid-assignment,Object of type `object` is not assignable to `str`,,,,,,,,,,,,
ty,tests\test_hexcore_e2e\test_bridge_hash_advanced.py,220,23,,invalid-assignment,invalid-assignment,Object of type `object` is not assignable to `str`,,,,,,,,,,,,
ty,tests\test_hexcore_e2e\test_bridge_hash_advanced.py,231,23,,invalid-assignment,invalid-assignment,Object of type `object` is not assignable to `str`,,,,,,,,,,,,
ty,tests\test_hexcore_e2e\test_bridge_hash_advanced.py,263,23,,invalid-assignment,invalid-assignment,Object of type `object` is not assignable to `str`,,,,,,,,,,,,
ty,tests\test_hexcore_e2e\test_bridge_hash_advanced.py,278,23,,invalid-assignment,invalid-assignment,Object of type `object` is not assignable to `str`,,,,,,,,,,,,
ty,tests\test_hexcore_e2e\test_bridge_hash_advanced.py,292,23,,invalid-assignment,invalid-assignment,Object of type `object` is not assignable to `str`,,,,,,,,,,,,
ty,tests\test_hexcore_e2e\test_bridge_hash_advanced.py,303,23,,invalid-assignment,invalid-assignment,Object of type `object` is not assignable to `str`,,,,,,,,,,,,
ty,tests\test_hexcore_e2e\test_bridge_hash_advanced.py,319,23,,invalid-assignment,invalid-assignment,Object of type `object` is not assignable to `str`,,,,,,,,,,,,
ty,tests\test_hexcore_e2e\test_bridge_hash_advanced.py,331,23,,invalid-assignment,invalid-assignment,Object of type `object` is not assignable to `str`,,,,,,,,,,,,
ty,tests\test_hexcore_e2e\test_bridge_hash_advanced.py,345,23,,invalid-assignment,invalid-assignment,Object of type `object` is not assignable to `str`,,,,,,,,,,,,
ty,tests\test_hexcore_e2e\test_bridge_hash_advanced.py,357,22,,invalid-assignment,invalid-assignment,Object of type `object` is not assignable to `str`,,,,,,,,,,,,
ty,tests\test_hexcore_e2e\test_bridge_hash_advanced.py,358,22,,invalid-assignment,invalid-assignment,Object of type `object` is not assignable to `str`,,,,,,,,,,,,
ty,tests\test_hexcore_e2e\test_bridge_hash_advanced.py,384,23,,invalid-assignment,invalid-assignment,Object of type `object` is not assignable to `str`,,,,,,,,,,,,
ty,tests\test_ui\test_sandbox_panel_fixes.py,56,18,,unresolved-attribute,unresolved-attribute,Object of type `SandboxPanel` has no attribute `selected_sandbox_type`,,,,,,,,,,,,
ty,tests\test_ui\test_sandbox_panel_fixes.py,64,18,,unresolved-attribute,unresolved-attribute,Object of type `SandboxPanel` has no attribute `selected_sandbox_type`,,,,,,,,,,,,
ty,tests\test_ui\test_sandbox_panel_fixes.py,76,16,,unresolved-attribute,unresolved-attribute,Object of type `SandboxPanel` has no attribute `sandbox_manager`,,,,,,,,,,,,
ty,tests\test_ui\test_sandbox_panel_fixes.py,80,39,,invalid-argument-type,invalid-argument-type,"Argument to bound method `set_sandbox_manager` is incorrect: Expected `SandboxManager`, found `object`",,,,,,,,,,,,
ty,tests\test_ui\test_sandbox_panel_fixes.py,81,16,,unresolved-attribute,unresolved-attribute,Object of type `SandboxPanel` has no attribute `sandbox_manager`,,,,,,,,,,,,
ty,tests\test_ui\test_sandbox_panel_fixes.py,87,9,,unresolved-attribute,unresolved-attribute,Unresolved attribute `sandbox` on type `SandboxPanel`,,,,,,,,,,,,
ty,tests\test_ui\test_sandbox_panel_fixes.py,88,9,,unresolved-attribute,unresolved-attribute,Unresolved attribute `sandbox_manager` on type `SandboxPanel`,,,,,,,,,,,,
ty,tests\test_ui\test_sandbox_panel_fixes.py,90,9,,unresolved-attribute,unresolved-attribute,Object of type `SandboxPanel` has no attribute `on_create`,,,,,,,,,,,,
ty,tests\test_ui\test_sandbox_panel_fixes.py,92,23,,unresolved-attribute,unresolved-attribute,Object of type `SandboxPanel` has no attribute `console_output`,,,,,,,,,,,,
ty,tests\test_ui\test_sandbox_panel_fixes.py,108,20,,unresolved-attribute,unresolved-attribute,Object of type `SandboxPanel` has no attribute `run_btn`,,,,,,,,,,,,
ty,tests\test_ui\test_sandbox_panel_fixes.py,116,9,,unresolved-attribute,unresolved-attribute,Object of type `SandboxPanel` has no attribute `set_sandbox_controls_active`,,,,,,,,,,,,
ty,tests\test_ui\test_sandbox_panel_fixes.py,121,16,,unresolved-attribute,unresolved-attribute,Object of type `SandboxPanel` has no attribute `run_btn`,,,,,,,,,,,,
ty,tests\test_ui\test_sandbox_panel_fixes.py,129,9,,unresolved-attribute,unresolved-attribute,Object of type `SandboxPanel` has no attribute `set_sandbox_controls_active`,,,,,,,,,,,,
ty,tests\test_ui\test_sandbox_panel_fixes.py,130,9,,unresolved-attribute,unresolved-attribute,Object of type `SandboxPanel` has no attribute `set_sandbox_controls_active`,,,,,,,,,,,,
ty,tests\test_ui\test_sandbox_panel_fixes.py,158,9,,unresolved-attribute,unresolved-attribute,Object of type `SandboxPanel` has no attribute `on_create_success`,,,,,,,,,,,,
ty,tests\test_ui\test_sandbox_panel_fixes.py,160,16,,unresolved-attribute,unresolved-attribute,Object of type `SandboxPanel` has no attribute `status_indicator`,,,,,,,,,,,,
ty,tests\test_ui\test_sandbox_panel_fixes.py,162,16,,unresolved-attribute,unresolved-attribute,Object of type `SandboxPanel` has no attribute `run_btn`,,,,,,,,,,,,
ty,tests\test_ui\test_sandbox_panel_fixes.py,168,9,,unresolved-attribute,unresolved-attribute,Object of type `SandboxPanel` has no attribute `set_sandbox_controls_active`,,,,,,,,,,,,
ty,tests\test_ui\test_sandbox_panel_fixes.py,170,9,,unresolved-attribute,unresolved-attribute,Object of type `SandboxPanel` has no attribute `on_destroy_success`,,,,,,,,,,,,
ty,tests\test_ui\test_sandbox_panel_fixes.py,172,16,,unresolved-attribute,unresolved-attribute,Object of type `SandboxPanel` has no attribute `status_indicator`,,,,,,,,,,,,
ty,tests\test_hexcore_e2e\test_bridge_document_info.py,55,32,,invalid-assignment,invalid-assignment,"Object of type `object` is not assignable to `dict[str, Any]`",,,,,,,,,,,,
ty,tests\test_hexcore_e2e\test_bridge_document_info.py,64,32,,invalid-assignment,invalid-assignment,"Object of type `object` is not assignable to `dict[str, Any]`",,,,,,,,,,,,
ty,tests\test_hexcore_e2e\test_bridge_document_info.py,73,32,,invalid-assignment,invalid-assignment,"Object of type `object` is not assignable to `dict[str, Any]`",,,,,,,,,,,,
ty,tests\test_hexcore_e2e\test_bridge_document_info.py,82,32,,invalid-assignment,invalid-assignment,"Object of type `object` is not assignable to `dict[str, Any]`",,,,,,,,,,,,
ty,tests\test_hexcore_e2e\test_bridge_document_info.py,91,32,,invalid-assignment,invalid-assignment,"Object of type `object` is not assignable to `dict[str, Any]`",,,,,,,,,,,,
ty,tests\test_hexcore_e2e\test_bridge_document_info.py,100,32,,invalid-assignment,invalid-assignment,"Object of type `object` is not assignable to `dict[str, Any]`",,,,,,,,,,,,
ty,tests\test_hexcore_e2e\test_bridge_document_info.py,115,32,,invalid-assignment,invalid-assignment,"Object of type `object` is not assignable to `dict[str, Any]`",,,,,,,,,,,,
ty,tests\test_hexcore_e2e\test_bridge_document_info.py,126,32,,invalid-assignment,invalid-assignment,"Object of type `object` is not assignable to `dict[str, Any]`",,,,,,,,,,,,
ty,tests\test_hexcore_e2e\test_bridge_document_info.py,137,32,,invalid-assignment,invalid-assignment,"Object of type `object` is not assignable to `dict[str, Any]`",,,,,,,,,,,,
ty,tests\test_hexcore_e2e\test_bridge_document_info.py,149,32,,invalid-assignment,invalid-assignment,"Object of type `object` is not assignable to `dict[str, Any]`",,,,,,,,,,,,
ty,tests\test_hexcore_e2e\test_bridge_document_info.py,161,32,,invalid-assignment,invalid-assignment,"Object of type `object` is not assignable to `dict[str, Any]`",,,,,,,,,,,,
ty,tests\test_hexcore_e2e\test_bridge_document_info.py,173,32,,invalid-assignment,invalid-assignment,"Object of type `object` is not assignable to `dict[str, Any]`",,,,,,,,,,,,
ty,tests\test_hexcore_e2e\test_bridge_document_info.py,184,32,,invalid-assignment,invalid-assignment,"Object of type `object` is not assignable to `dict[str, Any]`",,,,,,,,,,,,
ty,tests\test_hexcore_e2e\test_bridge_document_info.py,201,32,,invalid-assignment,invalid-assignment,"Object of type `object` is not assignable to `dict[str, Any]`",,,,,,,,,,,,
ty,tests\test_hexcore_e2e\test_bridge_document_info.py,217,32,,invalid-assignment,invalid-assignment,"Object of type `object` is not assignable to `dict[str, Any]`",,,,,,,,,,,,
ty,tests\test_hexcore_e2e\test_bridge_document_info.py,231,34,,invalid-assignment,invalid-assignment,Object of type `object` is not assignable to `str`,,,,,,,,,,,,
ty,tests\test_hexcore_e2e\test_bridge_document_info.py,233,16,,not-subscriptable,not-subscriptable,Cannot subscript object of type `object` with no `__getitem__` method,,,,,,,,,,,,
ty,tests\test_hexcore_e2e\test_bridge_document_info.py,234,24,,invalid-assignment,invalid-assignment,Object of type `object` is not assignable to `bool`,,,,,,,,,,,,
ty,tests\test_hexcore_e2e\test_bridge_document_info.py,236,35,,invalid-assignment,invalid-assignment,Object of type `object` is not assignable to `str`,,,,,,,,,,,,
ty,tests\test_hexcore_e2e\test_bridge_pattern_engine.py,74,23,,invalid-assignment,invalid-assignment,Object of type `object` is not assignable to `str`,,,,,,,,,,,,
ty,tests\test_hexcore_e2e\test_bridge_pattern_engine.py,85,23,,invalid-assignment,invalid-assignment,Object of type `object` is not assignable to `str`,,,,,,,,,,,,
ty,tests\test_hexcore_e2e\test_bridge_pattern_engine.py,105,23,,invalid-assignment,invalid-assignment,Object of type `object` is not assignable to `str`,,,,,,,,,,,,
ty,tests\test_hexcore_e2e\test_bridge_pattern_engine.py,116,23,,invalid-assignment,invalid-assignment,Object of type `object` is not assignable to `str`,,,,,,,,,,,,
ty,tests\test_hexcore_e2e\test_bridge_pattern_engine.py,127,23,,invalid-assignment,invalid-assignment,Object of type `object` is not assignable to `str`,,,,,,,,,,,,
ty,tests\test_hexcore_e2e\test_bridge_pattern_engine.py,144,40,,invalid-assignment,invalid-assignment,"Object of type `object` is not assignable to `list[dict[str, Any]]`",,,,,,,,,,,,
ty,tests\test_hexcore_e2e\test_bridge_pattern_engine.py,157,40,,invalid-assignment,invalid-assignment,"Object of type `object` is not assignable to `list[dict[str, Any]]`",,,,,,,,,,,,
ty,tests\test_hexcore_e2e\test_bridge_pattern_engine.py,170,40,,invalid-assignment,invalid-assignment,"Object of type `object` is not assignable to `list[dict[str, Any]]`",,,,,,,,,,,,
ty,tests\test_hexcore_e2e\test_bridge_pattern_engine.py,183,40,,invalid-assignment,invalid-assignment,"Object of type `object` is not assignable to `list[dict[str, Any]]`",,,,,,,,,,,,
ty,tests\test_hexcore_e2e\test_bridge_pattern_engine.py,202,40,,invalid-assignment,invalid-assignment,"Object of type `object` is not assignable to `list[dict[str, Any]]`",,,,,,,,,,,,
ty,tests\test_hexcore_e2e\test_bridge_pattern_engine.py,215,40,,invalid-assignment,invalid-assignment,"Object of type `object` is not assignable to `list[dict[str, Any]]`",,,,,,,,,,,,
ty,tests\test_hexcore_e2e\test_bridge_pattern_engine.py,240,40,,invalid-assignment,invalid-assignment,"Object of type `object` is not assignable to `list[dict[str, Any]]`",,,,,,,,,,,,
ty,tests\test_hexcore_e2e\test_bridge_pattern_engine.py,259,47,,invalid-assignment,invalid-assignment,"Object of type `object` is not assignable to `list[dict[str, Any]]`",,,,,,,,,,,,
ty,tests\test_hexcore_e2e\test_bridge_pattern_engine.py,260,45,,invalid-assignment,invalid-assignment,"Object of type `object` is not assignable to `list[dict[str, Any]]`",,,,,,,,,,,,
ty,tests\test_hexcore_e2e\test_bridge_pattern_engine.py,297,40,,invalid-assignment,invalid-assignment,"Object of type `object` is not assignable to `list[dict[str, Any]]`",,,,,,,,,,,,
ty,tests\test_hexcore_e2e\test_bridge_pattern_engine.py,314,40,,invalid-assignment,invalid-assignment,"Object of type `object` is not assignable to `list[dict[str, str]]`",,,,,,,,,,,,
ty,tests\test_hexcore_e2e\test_bridge_pattern_engine.py,323,40,,invalid-assignment,invalid-assignment,"Object of type `object` is not assignable to `list[dict[str, str]]`",,,,,,,,,,,,
ty,tests\test_hexcore_e2e\test_bridge_pattern_engine.py,344,40,,invalid-assignment,invalid-assignment,"Object of type `object` is not assignable to `list[dict[str, str]]`",,,,,,,,,,,,
ty,tests\test_hexcore_e2e\test_bridge_search.py,49,41,,invalid-assignment,invalid-assignment,"Object of type `object` is not assignable to `list[dict[str, int]]`",,,,,,,,,,,,
ty,tests\test_hexcore_e2e\test_bridge_search.py,58,41,,invalid-assignment,invalid-assignment,"Object of type `object` is not assignable to `list[dict[str, int]]`",,,,,,,,,,,,
ty,tests\test_hexcore_e2e\test_bridge_search.py,70,41,,invalid-assignment,invalid-assignment,"Object of type `object` is not assignable to `list[dict[str, int]]`",,,,,,,,,,,,
ty,tests\test_hexcore_e2e\test_bridge_search.py,80,41,,invalid-assignment,invalid-assignment,"Object of type `object` is not assignable to `list[dict[str, int]]`",,,,,,,,,,,,
ty,tests\test_hexcore_e2e\test_bridge_search.py,94,41,,invalid-assignment,invalid-assignment,"Object of type `object` is not assignable to `list[dict[str, int]]`",,,,,,,,,,,,
ty,tests\test_hexcore_e2e\test_bridge_search.py,103,41,,invalid-assignment,invalid-assignment,"Object of type `object` is not assignable to `list[dict[str, int]]`",,,,,,,,,,,,
ty,tests\test_hexcore_e2e\test_bridge_search.py,117,41,,invalid-assignment,invalid-assignment,"Object of type `object` is not assignable to `list[dict[str, int]]`",,,,,,,,,,,,
ty,tests\test_hexcore_e2e\test_bridge_search.py,135,41,,invalid-assignment,invalid-assignment,"Object of type `object` is not assignable to `list[dict[str, int]]`",,,,,,,,,,,,
ty,tests\test_hexcore_e2e\test_bridge_search.py,150,41,,invalid-assignment,invalid-assignment,"Object of type `object` is not assignable to `list[dict[str, int]]`",,,,,,,,,,,,
ty,tests\test_hexcore_e2e\test_bridge_search.py,164,41,,invalid-assignment,invalid-assignment,"Object of type `object` is not assignable to `list[dict[str, int]]`",,,,,,,,,,,,
ty,tests\test_hexcore_e2e\test_bridge_search.py,179,41,,invalid-assignment,invalid-assignment,"Object of type `object` is not assignable to `list[dict[str, int]]`",,,,,,,,,,,,
ty,tests\test_hexcore_e2e\test_bridge_search.py,197,41,,invalid-assignment,invalid-assignment,"Object of type `object` is not assignable to `list[dict[str, int]]`",,,,,,,,,,,,
ty,tests\test_hexcore_e2e\test_bridge_search.py,211,41,,invalid-assignment,invalid-assignment,"Object of type `object` is not assignable to `list[dict[str, int]]`",,,,,,,,,,,,
ty,tests\test_hexcore_e2e\test_bridge_search.py,230,41,,invalid-assignment,invalid-assignment,"Object of type `object` is not assignable to `list[dict[str, int]]`",,,,,,,,,,,,
ty,tests\test_hexcore_e2e\test_bridge_search.py,245,41,,invalid-assignment,invalid-assignment,"Object of type `object` is not assignable to `list[dict[str, int]]`",,,,,,,,,,,,
ty,tests\test_hexcore_e2e\test_bridge_search.py,263,22,,invalid-assignment,invalid-assignment,Object of type `object` is not assignable to `int`,,,,,,,,,,,,
ty,tests\test_hexcore_e2e\test_bridge_search.py,278,26,,invalid-assignment,invalid-assignment,Object of type `object` is not assignable to `str`,,,,,,,,,,,,
ty,tests\test_hexcore_e2e\test_bridge_disassembly_deep.py,61,41,,invalid-assignment,invalid-assignment,"Object of type `object` is not assignable to `list[dict[str, Any]]`",,,,,,,,,,,,
ty,tests\test_hexcore_e2e\test_bridge_disassembly_deep.py,71,41,,invalid-assignment,invalid-assignment,"Object of type `object` is not assignable to `list[dict[str, Any]]`",,,,,,,,,,,,
ty,tests\test_hexcore_e2e\test_bridge_disassembly_deep.py,80,41,,invalid-assignment,invalid-assignment,"Object of type `object` is not assignable to `list[dict[str, Any]]`",,,,,,,,,,,,
ty,tests\test_hexcore_e2e\test_bridge_disassembly_deep.py,89,41,,invalid-assignment,invalid-assignment,"Object of type `object` is not assignable to `list[dict[str, Any]]`",,,,,,,,,,,,
ty,tests\test_hexcore_e2e\test_bridge_disassembly_deep.py,99,41,,invalid-assignment,invalid-assignment,"Object of type `object` is not assignable to `list[dict[str, Any]]`",,,,,,,,,,,,
ty,tests\test_hexcore_e2e\test_bridge_disassembly_deep.py,110,41,,invalid-assignment,invalid-assignment,"Object of type `object` is not assignable to `list[dict[str, Any]]`",,,,,,,,,,,,
ty,tests\test_hexcore_e2e\test_bridge_disassembly_deep.py,119,46,,invalid-assignment,invalid-assignment,"Object of type `object` is not assignable to `list[dict[str, Any]]`",,,,,,,,,,,,
ty,tests\test_hexcore_e2e\test_bridge_disassembly_deep.py,120,50,,invalid-assignment,invalid-assignment,"Object of type `object` is not assignable to `list[dict[str, Any]]`",,,,,,,,,,,,
ty,tests\test_hexcore_e2e\test_bridge_disassembly_deep.py,136,41,,invalid-assignment,invalid-assignment,"Object of type `object` is not assignable to `list[dict[str, Any]]`",,,,,,,,,,,,
ty,tests\test_hexcore_e2e\test_bridge_disassembly_deep.py,146,20,,not-subscriptable,not-subscriptable,Cannot subscript object of type `object` with no `__getitem__` method,,,,,,,,,,,,
ty,tests\test_hexcore_e2e\test_bridge_disassembly_deep.py,163,41,,invalid-assignment,invalid-assignment,"Object of type `object` is not assignable to `list[dict[str, Any]]`",,,,,,,,,,,,
ty,tests\test_hexcore_e2e\test_bridge_disassembly_deep.py,182,41,,invalid-assignment,invalid-assignment,"Object of type `object` is not assignable to `list[dict[str, Any]]`",,,,,,,,,,,,
ty,tests\test_hexcore_e2e\test_bridge_disassembly_deep.py,199,41,,invalid-assignment,invalid-assignment,"Object of type `object` is not assignable to `list[dict[str, Any]]`",,,,,,,,,,,,
ty,tests\test_hexcore_e2e\test_bridge_disassembly_deep.py,217,41,,invalid-assignment,invalid-assignment,"Object of type `object` is not assignable to `list[dict[str, Any]]`",,,,,,,,,,,,
ty,tests\test_hexcore_e2e\test_bridge_disassembly_deep.py,234,41,,invalid-assignment,invalid-assignment,"Object of type `object` is not assignable to `list[dict[str, Any]]`",,,,,,,,,,,,
ty,tests\test_hexcore_e2e\test_bridge_disassembly_deep.py,251,41,,invalid-assignment,invalid-assignment,"Object of type `object` is not assignable to `list[dict[str, Any]]`",,,,,,,,,,,,
ty,tests\test_bridges\test_frida_bridge.py,401,22,,invalid-assignment,invalid-assignment,Object of type `object` is not assignable to `str`,,,,,,,,,,,,
ty,tests\test_bridges\test_frida_bridge.py,432,39,,invalid-assignment,invalid-assignment,Object of type `object` is not assignable to `list[FridaProcessEntry]`,,,,,,,,,,,,
ty,tests\test_bridges\test_frida_bridge.py,582,17,,invalid-assignment,invalid-assignment,Object of type `object` is not assignable to `int`,,,,,,,,,,,,
ty,tests\test_bridges\test_frida_bridge.py,587,23,,invalid-assignment,invalid-assignment,Object of type `object` is not assignable to `bytes`,,,,,,,,,,,,
ty,tests\test_bridges\test_frida_bridge.py,594,17,,invalid-assignment,invalid-assignment,Object of type `object` is not assignable to `int`,,,,,,,,,,,,
ty,tests\test_bridges\test_frida_bridge.py,595,20,,invalid-assignment,invalid-assignment,Object of type `object` is not assignable to `bool`,,,,,,,,,,,,
ty,tests\test_bridges\test_frida_bridge.py,602,17,,invalid-assignment,invalid-assignment,Object of type `object` is not assignable to `int`,,,,,,,,,,,,
ty,tests\test_bridges\test_frida_bridge.py,607,24,,invalid-assignment,invalid-assignment,Object of type `object` is not assignable to `bytes`,,,,,,,,,,,,
ty,tests\test_bridges\test_frida_bridge.py,614,22,,invalid-assignment,invalid-assignment,Object of type `object` is not assignable to `HookInfo`,,,,,,,,,,,,
ty,tests\test_bridges\test_frida_bridge.py,619,21,,invalid-assignment,invalid-assignment,Object of type `object` is not assignable to `bool`,,,,,,,,,,,,
ty,tests\test_bridges\test_frida_bridge.py,629,21,,invalid-assignment,invalid-assignment,Object of type `object` is not assignable to `str`,,,,,,,,,,,,
ty,tests\test_bridges\test_frida_bridge.py,641,27,,invalid-assignment,invalid-assignment,Object of type `object` is not assignable to `StalkerTrace`,,,,,,,,,,,,
ty,tests\test_bridges\test_frida_bridge.py,662,40,,invalid-assignment,invalid-assignment,Object of type `object` is not assignable to `list[ChildProcessInfo]`,,,,,,,,,,,,
ty,tests\test_bridges\test_frida_bridge.py,674,32,,invalid-assignment,invalid-assignment,Object of type `object` is not assignable to `list[CrashInfo]`,,,,,,,,,,,,
ty,tests\test_bridges\test_frida_bridge.py,687,39,,invalid-assignment,invalid-assignment,Object of type `object` is not assignable to `list[FridaProcessEntry]`,,,,,,,,,,,,
ty,tests\test_hexcore_e2e\test_bridge_yara_deep.py,136,41,,invalid-assignment,invalid-assignment,"Object of type `object` is not assignable to `list[dict[str, Any]]`",,,,,,,,,,,,
ty,tests\test_hexcore_e2e\test_bridge_yara_deep.py,147,41,,invalid-assignment,invalid-assignment,"Object of type `object` is not assignable to `list[dict[str, Any]]`",,,,,,,,,,,,
ty,tests\test_hexcore_e2e\test_bridge_yara_deep.py,160,41,,invalid-assignment,invalid-assignment,"Object of type `object` is not assignable to `list[dict[str, Any]]`",,,,,,,,,,,,
ty,tests\test_hexcore_e2e\test_bridge_yara_deep.py,178,41,,invalid-assignment,invalid-assignment,"Object of type `object` is not assignable to `list[dict[str, Any]]`",,,,,,,,,,,,
ty,tests\test_hexcore_e2e\test_bridge_yara_deep.py,188,41,,invalid-assignment,invalid-assignment,"Object of type `object` is not assignable to `list[dict[str, Any]]`",,,,,,,,,,,,
ty,tests\test_hexcore_e2e\test_bridge_yara_deep.py,198,41,,invalid-assignment,invalid-assignment,"Object of type `object` is not assignable to `list[dict[str, Any]]`",,,,,,,,,,,,
ty,tests\test_hexcore_e2e\test_bridge_yara_deep.py,212,41,,invalid-assignment,invalid-assignment,"Object of type `object` is not assignable to `list[dict[str, Any]]`",,,,,,,,,,,,
ty,tests\test_hexcore_e2e\test_bridge_yara_deep.py,225,41,,invalid-assignment,invalid-assignment,"Object of type `object` is not assignable to `list[dict[str, Any]]`",,,,,,,,,,,,
ty,tests\test_hexcore_e2e\test_bridge_yara_deep.py,239,41,,invalid-assignment,invalid-assignment,"Object of type `object` is not assignable to `list[dict[str, Any]]`",,,,,,,,,,,,
ty,tests\test_hexcore_e2e\test_bridge_yara_deep.py,249,41,,invalid-assignment,invalid-assignment,"Object of type `object` is not assignable to `list[dict[str, Any]]`",,,,,,,,,,,,
ty,tests\test_hexcore_e2e\test_bridge_yara_deep.py,267,46,,invalid-assignment,invalid-assignment,"Object of type `object` is not assignable to `list[dict[str, Any]]`",,,,,,,,,,,,
ty,tests\test_hexcore_e2e\test_bridge_yara_deep.py,268,48,,invalid-assignment,invalid-assignment,"Object of type `object` is not assignable to `list[dict[str, Any]]`",,,,,,,,,,,,
ty,tests\test_hexcore_e2e\test_bridge_yara_deep.py,286,41,,invalid-assignment,invalid-assignment,"Object of type `object` is not assignable to `list[dict[str, Any]]`",,,,,,,,,,,,
ty,tests\test_hexcore_e2e\test_bridge_yara_deep.py,300,41,,invalid-assignment,invalid-assignment,"Object of type `object` is not assignable to `list[dict[str, Any]]`",,,,,,,,,,,,
ty,tests\test_hexcore_e2e\test_bridge_yara_deep.py,323,41,,invalid-assignment,invalid-assignment,"Object of type `object` is not assignable to `list[dict[str, Any]]`",,,,,,,,,,,,
ty,tests\test_core\test_process_manager.py,267,17,,unknown-argument,unknown-argument,Argument `timeout` does not match any known parameter of bound method `run_tracked_async`,,,,,,,,,,,,
ty,tests\test_core\test_process_manager.py,324,37,,unresolved-attribute,unresolved-attribute,Object of type `ProcessManager` has no attribute `external_pids`,,,,,,,,,,,,
ty,tests\test_core\test_process_manager.py,325,16,,unresolved-attribute,unresolved-attribute,Object of type `ProcessManager` has no attribute `external_pids`,,,,,,,,,,,,
ty,tests\test_core\test_process_manager.py,326,16,,unresolved-attribute,unresolved-attribute,Object of type `ProcessManager` has no attribute `external_pids`,,,,,,,,,,,,
ty,tests\test_core\test_process_manager.py,327,16,,unresolved-attribute,unresolved-attribute,Object of type `ProcessManager` has no attribute `external_pids`,,,,,,,,,,,,
ty,tests\test_core\test_process_manager.py,336,39,,unresolved-attribute,unresolved-attribute,Object of type `ProcessManager` has no attribute `external_pids`,,,,,,,,,,,,
ty,tests\test_core\test_process_manager.py,341,43,,unresolved-attribute,unresolved-attribute,Object of type `ProcessManager` has no attribute `external_pids`,,,,,,,,,,,,
ty,tests\test_core\test_process_manager.py,360,16,,unresolved-attribute,unresolved-attribute,Object of type `ProcessManager` has no attribute `external_pids`,,,,,,,,,,,,
ty,tests\test_core\test_process_manager.py,376,39,,unresolved-attribute,unresolved-attribute,Object of type `ProcessManager` has no attribute `external_pids`,,,,,,,,,,,,
ty,tests\test_core\test_process_manager.py,453,9,,unresolved-attribute,unresolved-attribute,Object of type `ProcessManager` has no attribute `sync_cleanup`,,,,,,,,,,,,
ty,tests\test_core\test_process_manager.py,477,9,,unresolved-attribute,unresolved-attribute,Object of type `ProcessManager` has no attribute `sync_cleanup`,,,,,,,,,,,,
ty,tests\test_core\test_process_manager.py,482,32,,unresolved-attribute,unresolved-attribute,Object of type `ProcessManager` has no attribute `external_pids`,,,,,,,,,,,,
ty,tests\test_core\test_process_manager.py,497,34,,invalid-argument-type,invalid-argument-type,"Argument to bound method `register` is incorrect: Expected `Popen[bytes] | Process`, found `Popen[str] | Popen[bytes] | Popen[Any]`",,,,,,,,,,,,
ty,tests\test_core\test_process_manager.py,508,50,,unresolved-attribute,unresolved-attribute,Object of type `ProcessManager` has no attribute `external_pids`,,,,,,,,,,,,
ty,tests\test_hexcore_e2e\test_bridge_display.py,48,21,,invalid-assignment,invalid-assignment,Object of type `object` is not assignable to `str`,,,,,,,,,,,,
ty,tests\test_hexcore_e2e\test_bridge_display.py,57,24,,invalid-assignment,invalid-assignment,Object of type `object` is not assignable to `bool`,,,,,,,,,,,,
ty,tests\test_hexcore_e2e\test_bridge_display.py,67,21,,invalid-assignment,invalid-assignment,Object of type `object` is not assignable to `str`,,,,,,,,,,,,
ty,tests\test_hexcore_e2e\test_bridge_display.py,77,21,,invalid-assignment,invalid-assignment,Object of type `object` is not assignable to `str`,,,,,,,,,,,,
ty,tests\test_hexcore_e2e\test_bridge_display.py,87,21,,invalid-assignment,invalid-assignment,Object of type `object` is not assignable to `str`,,,,,,,,,,,,
ty,tests\test_hexcore_e2e\test_bridge_display.py,100,24,,invalid-assignment,invalid-assignment,Object of type `object` is not assignable to `str`,,,,,,,,,,,,
ty,tests\test_hexcore_e2e\test_bridge_display.py,116,24,,invalid-assignment,invalid-assignment,Object of type `object` is not assignable to `str`,,,,,,,,,,,,
ty,tests\test_hexcore_e2e\test_bridge_display.py,123,39,,invalid-assignment,invalid-assignment,"Object of type `object` is not assignable to `list[dict[str, Any]]`",,,,,,,,,,,,
ty,tests\test_hexcore_e2e\test_bridge_display.py,133,24,,invalid-assignment,invalid-assignment,Object of type `object` is not assignable to `str`,,,,,,,,,,,,
ty,tests\test_hexcore_e2e\test_bridge_display.py,140,25,,invalid-assignment,invalid-assignment,Object of type `object` is not assignable to `bool`,,,,,,,,,,,,
ty,tests\test_hexcore_e2e\test_bridge_display.py,149,24,,invalid-assignment,invalid-assignment,Object of type `object` is not assignable to `str`,,,,,,,,,,,,
ty,tests\test_hexcore_e2e\test_bridge_display.py,157,39,,invalid-assignment,invalid-assignment,"Object of type `object` is not assignable to `list[dict[str, Any]]`",,,,,,,,,,,,
ty,tests\test_hexcore_e2e\test_bridge_display.py,167,25,,invalid-assignment,invalid-assignment,Object of type `object` is not assignable to `bool`,,,,,,,,,,,,
ty,tests\test_hexcore_e2e\test_bridge_display.py,176,39,,invalid-assignment,invalid-assignment,"Object of type `object` is not assignable to `list[dict[str, Any]]`",,,,,,,,,,,,
ty,tests\test_ui\test_tools_logic.py,42,9,,unresolved-attribute,unresolved-attribute,Object of type `FunctionListPanel` has no attribute `on_item_double_clicked`,,,,,,,,,,,,
ty,tests\test_ui\test_tools_logic.py,68,9,,unresolved-attribute,unresolved-attribute,Object of type `XRefPanel` has no attribute `on_item_clicked`,,,,,,,,,,,,
ty,tests\test_ui\test_tools_logic.py,103,29,,invalid-argument-type,invalid-argument-type,"Argument to bound method `__init__` is incorrect: Expected `Config`, found `object`",,,,,,,,,,,,
ty,tests\test_ui\test_tools_logic.py,103,42,,invalid-argument-type,invalid-argument-type,"Argument to bound method `__init__` is incorrect: Expected `Orchestrator`, found `object`",,,,,,,,,,,,
ty,tests\test_ui\test_tools_logic.py,211,9,,unresolved-attribute,unresolved-attribute,Object of type `ToolOutputPanel` has no attribute `on_tab_close_requested`,,,,,,,,,,,,
ty,tests\test_ui\test_tools_logic.py,223,9,,unresolved-attribute,unresolved-attribute,Object of type `ToolOutputPanel` has no attribute `on_tab_close_requested`,,,,,,,,,,,,
ty,tests\test_ui\test_tools_logic.py,241,9,,unresolved-attribute,unresolved-attribute,Object of type `ToolOutputPanel` has no attribute `on_tab_close_requested`,,,,,,,,,,,,
ty,tests\test_ui\test_tools_logic.py,253,9,,unresolved-attribute,unresolved-attribute,Object of type `ToolOutputPanel` has no attribute `on_tab_close_requested`,,,,,,,,,,,,
ty,tests\test_ui\test_tools_logic.py,270,9,,unresolved-attribute,unresolved-attribute,Object of type `ToolOutputPanel` has no attribute `on_tab_close_requested`,,,,,,,,,,,,
ty,tests\test_ui\test_tools_logic.py,283,9,,unresolved-attribute,unresolved-attribute,Object of type `ToolOutputPanel` has no attribute `on_tab_close_requested`,,,,,,,,,,,,
ty,tests\test_ui\test_tools_logic.py,292,9,,unresolved-attribute,unresolved-attribute,Object of type `ToolOutputPanel` has no attribute `on_tab_close_requested`,,,,,,,,,,,,
ty,tests\test_ui\test_tools_logic.py,304,9,,unresolved-attribute,unresolved-attribute,Object of type `ToolOutputPanel` has no attribute `on_tab_close_requested`,,,,,,,,,,,,
ty,tests\test_ui\test_tools_logic.py,307,9,,unresolved-attribute,unresolved-attribute,Object of type `ToolOutputPanel` has no attribute `on_tab_close_requested`,,,,,,,,,,,,
ty,tests\test_ui\test_tools_logic.py,310,9,,unresolved-attribute,unresolved-attribute,Object of type `ToolOutputPanel` has no attribute `on_tab_close_requested`,,,,,,,,,,,,
ty,tests\test_hexcore_e2e\test_bridge_search_numeric_deep.py,89,41,,invalid-assignment,invalid-assignment,"Object of type `object` is not assignable to `list[dict[str, int]]`",,,,,,,,,,,,
ty,tests\test_hexcore_e2e\test_bridge_search_numeric_deep.py,102,41,,invalid-assignment,invalid-assignment,"Object of type `object` is not assignable to `list[dict[str, int]]`",,,,,,,,,,,,
ty,tests\test_hexcore_e2e\test_bridge_search_numeric_deep.py,120,45,,invalid-assignment,invalid-assignment,"Object of type `object` is not assignable to `list[dict[str, int]]`",,,,,,,,,,,,
ty,tests\test_hexcore_e2e\test_bridge_search_numeric_deep.py,135,41,,invalid-assignment,invalid-assignment,"Object of type `object` is not assignable to `list[dict[str, int]]`",,,,,,,,,,,,
ty,tests\test_hexcore_e2e\test_bridge_search_numeric_deep.py,148,41,,invalid-assignment,invalid-assignment,"Object of type `object` is not assignable to `list[dict[str, int]]`",,,,,,,,,,,,
ty,tests\test_hexcore_e2e\test_bridge_search_numeric_deep.py,161,41,,invalid-assignment,invalid-assignment,"Object of type `object` is not assignable to `list[dict[str, int]]`",,,,,,,,,,,,
ty,tests\test_hexcore_e2e\test_bridge_search_numeric_deep.py,174,41,,invalid-assignment,invalid-assignment,"Object of type `object` is not assignable to `list[dict[str, int]]`",,,,,,,,,,,,
ty,tests\test_hexcore_e2e\test_bridge_search_numeric_deep.py,193,41,,invalid-assignment,invalid-assignment,"Object of type `object` is not assignable to `list[dict[str, int]]`",,,,,,,,,,,,
ty,tests\test_hexcore_e2e\test_bridge_search_numeric_deep.py,209,41,,invalid-assignment,invalid-assignment,"Object of type `object` is not assignable to `list[dict[str, int]]`",,,,,,,,,,,,
ty,tests\test_hexcore_e2e\test_bridge_search_numeric_deep.py,226,41,,invalid-assignment,invalid-assignment,"Object of type `object` is not assignable to `list[dict[str, int]]`",,,,,,,,,,,,
ty,tests\test_hexcore_e2e\test_bridge_search_numeric_deep.py,240,41,,invalid-assignment,invalid-assignment,"Object of type `object` is not assignable to `list[dict[str, int]]`",,,,,,,,,,,,
ty,tests\test_hexcore_e2e\test_bridge_search_numeric_deep.py,253,41,,invalid-assignment,invalid-assignment,"Object of type `object` is not assignable to `list[dict[str, int]]`",,,,,,,,,,,,
ty,tests\test_hexcore_e2e\test_bridge_search_numeric_deep.py,270,41,,invalid-assignment,invalid-assignment,"Object of type `object` is not assignable to `list[dict[str, int]]`",,,,,,,,,,,,
ty,src\intellicrack\ui\provider_config.py,67,33,,invalid-assignment,invalid-assignment,Object of type `None` is not assignable to `<class 'LocalTransformersProvider'>`,,,,,,,,,,,,
ty,src\intellicrack\ui\provider_config.py,73,22,,invalid-assignment,invalid-assignment,Object of type `None` is not assignable to `<class 'OllamaProvider'>`,,,,,,,,,,,,
ty,src\intellicrack\ui\provider_config.py,79,26,,invalid-assignment,invalid-assignment,Object of type `None` is not assignable to `<class 'OpenRouterProvider'>`,,,,,,,,,,,,
ty,src\intellicrack\ui\provider_config.py,93,34,,invalid-assignment,invalid-assignment,"Object of type `None` is not assignable to `def check_windows_requirements() -> tuple[bool, list[str]]`",,,,,,,,,,,,
ty,src\intellicrack\ui\provider_config.py,94,23,,invalid-assignment,invalid-assignment,Object of type `None` is not assignable to `def clear_xpu_cache() -> None`,,,,,,,,,,,,
ty,src\intellicrack\ui\provider_config.py,95,33,,invalid-assignment,invalid-assignment,Object of type `None` is not assignable to `def get_optimal_dtype_for_xpu() -> str`,,,,,,,,,,,,
ty,src\intellicrack\ui\provider_config.py,96,28,,invalid-assignment,invalid-assignment,Object of type `None` is not assignable to `def get_xpu_device_count() -> int`,,,,,,,,,,,,
ty,src\intellicrack\ui\provider_config.py,97,27,,invalid-assignment,invalid-assignment,Object of type `None` is not assignable to `def get_xpu_device_info(device_index: int) -> XPUDeviceInfo | None`,,,,,,,,,,,,
ty,src\intellicrack\ui\provider_config.py,98,27,,invalid-assignment,invalid-assignment,"Object of type `None` is not assignable to `def get_xpu_memory_info(device_index: int = 0) -> tuple[int, int]`",,,,,,,,,,,,
ty,src\intellicrack\ui\provider_config.py,99,24,,invalid-assignment,invalid-assignment,Object of type `None` is not assignable to `def is_xpu_available() -> bool`,,,,,,,,,,,,
ty,src\intellicrack\ui\provider_config.py,108,26,,invalid-assignment,invalid-assignment,Object of type `None` is not assignable to `def clear_global_cache() -> None`,,,,,,,,,,,,
ty,src\intellicrack\ui\provider_config.py,109,29,,invalid-assignment,invalid-assignment,Object of type `None` is not assignable to `def set_global_cache_size(max_memory_bytes: int) -> None`,,,,,,,,,,,,
ty,tests\test_hexcore_e2e\test_bridge_copy_as_complete.py,87,23,,invalid-assignment,invalid-assignment,Object of type `object` is not assignable to `str`,,,,,,,,,,,,
ty,tests\test_hexcore_e2e\test_bridge_copy_as_complete.py,98,23,,invalid-assignment,invalid-assignment,Object of type `object` is not assignable to `str`,,,,,,,,,,,,
ty,tests\test_hexcore_e2e\test_bridge_copy_as_complete.py,109,23,,invalid-assignment,invalid-assignment,Object of type `object` is not assignable to `str`,,,,,,,,,,,,
ty,tests\test_hexcore_e2e\test_bridge_copy_as_complete.py,126,23,,invalid-assignment,invalid-assignment,Object of type `object` is not assignable to `str`,,,,,,,,,,,,
ty,tests\test_hexcore_e2e\test_bridge_copy_as_complete.py,137,23,,invalid-assignment,invalid-assignment,Object of type `object` is not assignable to `str`,,,,,,,,,,,,
ty,tests\test_hexcore_e2e\test_bridge_copy_as_complete.py,150,23,,invalid-assignment,invalid-assignment,Object of type `object` is not assignable to `str`,,,,,,,,,,,,
ty,tests\test_hexcore_e2e\test_bridge_copy_as_complete.py,164,23,,invalid-assignment,invalid-assignment,Object of type `object` is not assignable to `str`,,,,,,,,,,,,
ty,tests\test_hexcore_e2e\test_bridge_copy_as_complete.py,182,23,,invalid-assignment,invalid-assignment,Object of type `object` is not assignable to `str`,,,,,,,,,,,,
ty,tests\test_hexcore_e2e\test_bridge_copy_as_complete.py,193,23,,invalid-assignment,invalid-assignment,Object of type `object` is not assignable to `str`,,,,,,,,,,,,
ty,tests\test_hexcore_e2e\test_bridge_copy_as_complete.py,204,23,,invalid-assignment,invalid-assignment,Object of type `object` is not assignable to `str`,,,,,,,,,,,,
ty,tests\test_hexcore_e2e\test_bridge_copy_as_complete.py,221,23,,invalid-assignment,invalid-assignment,Object of type `object` is not assignable to `str`,,,,,,,,,,,,
ty,tests\test_hexcore_e2e\test_bridge_copy_as_complete.py,232,23,,invalid-assignment,invalid-assignment,Object of type `object` is not assignable to `str`,,,,,,,,,,,,
ty,src\intellicrack\providers\model_loader.py,27,14,,invalid-assignment,invalid-assignment,Object of type `None` is not assignable to `<module 'torch'>`,,,,,,,,,,,,
ty,src\intellicrack\providers\model_loader.py,40,26,,invalid-assignment,invalid-assignment,Object of type `None` is not assignable to `<class 'BitsAndBytesConfig'>`,,,,,,,,,,,,
ty,src\intellicrack\providers\model_loader.py,507,12,,unresolved-attribute,unresolved-attribute,Attribute `pad_token` is not defined on `None` in union `Unknown | TokenizersBackend | None | SentencePieceBackend`,,,,,,,,,,,,
ty,src\intellicrack\providers\model_loader.py,508,13,,invalid-assignment,invalid-assignment,Object of type `Unknown` is not assignable to attribute `pad_token` on type `Unknown | TokenizersBackend | None | SentencePieceBackend`,,,,,,,,,,,,
ty,src\intellicrack\providers\model_loader.py,508,35,,unresolved-attribute,unresolved-attribute,Attribute `eos_token` is not defined on `None` in union `Unknown | TokenizersBackend | None | SentencePieceBackend`,,,,,,,,,,,,
ty,src\intellicrack\providers\model_loader.py,528,30,,invalid-argument-type,invalid-argument-type,"Argument to bound method `__call__` is incorrect: Expected `PreTrainedModel`, found `device`",,,,,,,,,,,,
ty,src\intellicrack\providers\model_loader.py,538,13,,invalid-argument-type,invalid-argument-type,"Argument is incorrect: Expected `PreTrainedTokenizerBase`, found `Unknown | TokenizersBackend | None | SentencePieceBackend`",,,,,,,,,,,,
ty,src\intellicrack\providers\model_loader.py,612,12,,unresolved-attribute,unresolved-attribute,Attribute `pad_token` is not defined on `None` in union `Unknown | TokenizersBackend | None | SentencePieceBackend`,,,,,,,,,,,,
ty,src\intellicrack\providers\model_loader.py,613,13,,invalid-assignment,invalid-assignment,Object of type `Unknown` is not assignable to attribute `pad_token` on type `Unknown | TokenizersBackend | None | SentencePieceBackend`,,,,,,,,,,,,
ty,src\intellicrack\providers\model_loader.py,613,35,,unresolved-attribute,unresolved-attribute,Attribute `eos_token` is not defined on `None` in union `Unknown | TokenizersBackend | None | SentencePieceBackend`,,,,,,,,,,,,
ty,src\intellicrack\providers\model_loader.py,639,13,,invalid-argument-type,invalid-argument-type,"Argument is incorrect: Expected `PreTrainedTokenizerBase`, found `Unknown | TokenizersBackend | None | SentencePieceBackend`",,,,,,,,,,,,
ty,tests\test_hexcore_e2e\test_bridge_transforms.py,60,40,,invalid-assignment,invalid-assignment,"Object of type `object` is not assignable to `list[dict[str, str]]`",,,,,,,,,,,,
ty,tests\test_hexcore_e2e\test_bridge_transforms.py,70,25,,not-iterable,not-iterable,Object of type `~AlwaysFalsy` is not iterable,,,,,,,,,,,,
ty,tests\test_hexcore_e2e\test_bridge_transforms.py,81,40,,invalid-assignment,invalid-assignment,"Object of type `object` is not assignable to `list[dict[str, str]]`",,,,,,,,,,,,
ty,tests\test_hexcore_e2e\test_bridge_transforms.py,97,44,,invalid-assignment,invalid-assignment,"Object of type `object` is not assignable to `list[dict[str, str]]`",,,,,,,,,,,,
ty,tests\test_hexcore_e2e\test_bridge_transforms.py,106,23,,invalid-assignment,invalid-assignment,Object of type `object` is not assignable to `str`,,,,,,,,,,,,
ty,tests\test_hexcore_e2e\test_bridge_transforms.py,117,44,,invalid-assignment,invalid-assignment,"Object of type `object` is not assignable to `list[dict[str, str]]`",,,,,,,,,,,,
ty,tests\test_hexcore_e2e\test_bridge_transforms.py,126,23,,invalid-assignment,invalid-assignment,Object of type `object` is not assignable to `str`,,,,,,,,,,,,
ty,tests\test_hexcore_e2e\test_bridge_transforms.py,136,44,,invalid-assignment,invalid-assignment,"Object of type `object` is not assignable to `list[dict[str, str]]`",,,,,,,,,,,,
ty,tests\test_hexcore_e2e\test_bridge_transforms.py,145,23,,invalid-assignment,invalid-assignment,Object of type `object` is not assignable to `str`,,,,,,,,,,,,
ty,tests\test_hexcore_e2e\test_bridge_transforms.py,162,44,,invalid-assignment,invalid-assignment,"Object of type `object` is not assignable to `list[dict[str, str]]`",,,,,,,,,,,,
ty,tests\test_hexcore_e2e\test_bridge_transforms.py,173,23,,invalid-assignment,invalid-assignment,Object of type `object` is not assignable to `str`,,,,,,,,,,,,
ty,tests\test_core\test_script_gen.py,278,19,,invalid-argument-type,invalid-argument-type,"Argument is incorrect: Expected `str`, found `Any | str | int | ScriptLanguage`",,,,,,,,,,,,
ty,tests\test_core\test_script_gen.py,278,19,,invalid-argument-type,invalid-argument-type,"Argument is incorrect: Expected `Literal[""frida"", ""ghidra"", ""cutter"", ""python"", ""x64dbg""]`, found `Any | str | int | ScriptLanguage`",,,,,,,,,,,,
ty,tests\test_core\test_script_gen.py,278,19,,invalid-argument-type,invalid-argument-type,"Argument is incorrect: Expected `ScriptLanguage`, found `Any | str | int | ScriptLanguage`",,,,,,,,,,,,
ty,tests\test_core\test_script_gen.py,278,19,,invalid-argument-type,invalid-argument-type,"Argument is incorrect: Expected `str`, found `Any | str | int | ScriptLanguage`",,,,,,,,,,,,
ty,tests\test_core\test_script_gen.py,278,19,,invalid-argument-type,invalid-argument-type,"Argument is incorrect: Expected `str`, found `Any | str | int | ScriptLanguage`",,,,,,,,,,,,
ty,tests\test_core\test_script_gen.py,278,19,,invalid-argument-type,invalid-argument-type,"Argument is incorrect: Expected `datetime`, found `Any | str | int | ScriptLanguage`",,,,,,,,,,,,
ty,tests\test_core\test_script_gen.py,278,19,,invalid-argument-type,invalid-argument-type,"Argument is incorrect: Expected `ScriptContext | None`, found `Any | str | int | ScriptLanguage`",,,,,,,,,,,,
ty,tests\test_core\test_script_gen.py,278,19,,invalid-argument-type,invalid-argument-type,"Argument is incorrect: Expected `list[str]`, found `Any | str | int | ScriptLanguage`",,,,,,,,,,,,
ty,tests\test_core\test_script_gen.py,278,19,,invalid-argument-type,invalid-argument-type,"Argument is incorrect: Expected `bool`, found `Any | str | int | ScriptLanguage`",,,,,,,,,,,,
ty,tests\test_core\test_script_gen.py,278,19,,invalid-argument-type,invalid-argument-type,"Argument is incorrect: Expected `dict[str, Any]`, found `Any | str | int | ScriptLanguage`",,,,,,,,,,,,
ty,tests\test_hexcore_e2e\test_bridge_compare_files.py,73,34,,invalid-assignment,invalid-assignment,"Object of type `object` is not assignable to `dict[str, Any]`",,,,,,,,,,,,
ty,tests\test_hexcore_e2e\test_bridge_compare_files.py,89,34,,invalid-assignment,invalid-assignment,"Object of type `object` is not assignable to `dict[str, Any]`",,,,,,,,,,,,
ty,tests\test_hexcore_e2e\test_bridge_compare_files.py,112,34,,invalid-assignment,invalid-assignment,"Object of type `object` is not assignable to `dict[str, Any]`",,,,,,,,,,,,
ty,tests\test_hexcore_e2e\test_bridge_compare_files.py,128,34,,invalid-assignment,invalid-assignment,"Object of type `object` is not assignable to `dict[str, Any]`",,,,,,,,,,,,
ty,tests\test_hexcore_e2e\test_bridge_compare_files.py,157,34,,invalid-assignment,invalid-assignment,"Object of type `object` is not assignable to `dict[str, Any]`",,,,,,,,,,,,
ty,tests\test_hexcore_e2e\test_bridge_compare_files.py,170,34,,invalid-assignment,invalid-assignment,"Object of type `object` is not assignable to `dict[str, Any]`",,,,,,,,,,,,
ty,tests\test_hexcore_e2e\test_bridge_compare_files.py,183,34,,invalid-assignment,invalid-assignment,"Object of type `object` is not assignable to `dict[str, Any]`",,,,,,,,,,,,
ty,tests\test_hexcore_e2e\test_bridge_compare_files.py,197,34,,invalid-assignment,invalid-assignment,"Object of type `object` is not assignable to `dict[str, Any]`",,,,,,,,,,,,
ty,tests\test_hexcore_e2e\test_bridge_compare_files.py,211,34,,invalid-assignment,invalid-assignment,"Object of type `object` is not assignable to `dict[str, Any]`",,,,,,,,,,,,
ty,tests\test_hexcore_e2e\test_bridge_compare_files.py,226,34,,invalid-assignment,invalid-assignment,"Object of type `object` is not assignable to `dict[str, Any]`",,,,,,,,,,,,
ty,tests\test_hexcore_e2e\test_bridge_copy_as.py,69,23,,invalid-assignment,invalid-assignment,Object of type `object` is not assignable to `str`,,,,,,,,,,,,
ty,tests\test_hexcore_e2e\test_bridge_copy_as.py,82,23,,invalid-assignment,invalid-assignment,Object of type `object` is not assignable to `str`,,,,,,,,,,,,
ty,tests\test_hexcore_e2e\test_bridge_copy_as.py,93,23,,invalid-assignment,invalid-assignment,Object of type `object` is not assignable to `str`,,,,,,,,,,,,
ty,tests\test_hexcore_e2e\test_bridge_copy_as.py,105,23,,invalid-assignment,invalid-assignment,Object of type `object` is not assignable to `str`,,,,,,,,,,,,
ty,tests\test_hexcore_e2e\test_bridge_copy_as.py,117,23,,invalid-assignment,invalid-assignment,Object of type `object` is not assignable to `str`,,,,,,,,,,,,
ty,tests\test_hexcore_e2e\test_bridge_copy_as.py,129,23,,invalid-assignment,invalid-assignment,Object of type `object` is not assignable to `str`,,,,,,,,,,,,
ty,tests\test_hexcore_e2e\test_bridge_copy_as.py,140,23,,invalid-assignment,invalid-assignment,Object of type `object` is not assignable to `str`,,,,,,,,,,,,
ty,tests\test_hexcore_e2e\test_bridge_copy_as.py,152,23,,invalid-assignment,invalid-assignment,Object of type `object` is not assignable to `str`,,,,,,,,,,,,
ty,tests\test_hexcore_e2e\test_bridge_copy_as.py,164,23,,invalid-assignment,invalid-assignment,Object of type `object` is not assignable to `str`,,,,,,,,,,,,
ty,tests\test_hexcore_e2e\test_bridge_lifecycle.py,50,24,,invalid-assignment,invalid-assignment,Object of type `object` is not assignable to `bool`,,,,,,,,,,,,
ty,tests\test_hexcore_e2e\test_bridge_lifecycle.py,88,34,,invalid-assignment,invalid-assignment,"Object of type `object` is not assignable to `dict[str, Any]`",,,,,,,,,,,,
ty,tests\test_hexcore_e2e\test_bridge_lifecycle.py,99,34,,invalid-assignment,invalid-assignment,"Object of type `object` is not assignable to `dict[str, Any]`",,,,,,,,,,,,
ty,tests\test_hexcore_e2e\test_bridge_lifecycle.py,110,34,,invalid-assignment,invalid-assignment,"Object of type `object` is not assignable to `dict[str, Any]`",,,,,,,,,,,,
ty,tests\test_hexcore_e2e\test_bridge_lifecycle.py,121,24,,invalid-assignment,invalid-assignment,Object of type `object` is not assignable to `bool`,,,,,,,,,,,,
ty,tests\test_hexcore_e2e\test_bridge_lifecycle.py,130,24,,invalid-assignment,invalid-assignment,Object of type `object` is not assignable to `bool`,,,,,,,,,,,,
ty,tests\test_hexcore_e2e\test_bridge_lifecycle.py,140,33,,invalid-assignment,invalid-assignment,"Object of type `object` is not assignable to `dict[str, Any]`",,,,,,,,,,,,
ty,tests\test_hexcore_e2e\test_bridge_lifecycle.py,142,34,,invalid-assignment,invalid-assignment,"Object of type `object` is not assignable to `dict[str, Any]`",,,,,,,,,,,,
ty,tests\test_hexcore_e2e\test_bridge_lifecycle.py,191,16,,unresolved-attribute,unresolved-attribute,Object of type `HexEditorBridge` has no attribute `cursor_offset`,,,,,,,,,,,,
ty,tests\test_ui\test_app_embedded_tools.py,244,9,,unresolved-attribute,unresolved-attribute,Object of type `MainWindow` has no attribute `on_debug_current_binary`,,,,,,,,,,,,
ty,tests\test_ui\test_app_embedded_tools.py,259,9,,unresolved-attribute,unresolved-attribute,Object of type `MainWindow` has no attribute `on_analyze_current_binary`,,,,,,,,,,,,
ty,tests\test_ui\test_app_embedded_tools.py,274,9,,unresolved-attribute,unresolved-attribute,Object of type `MainWindow` has no attribute `on_hex_edit_current_binary`,,,,,,,,,,,,
ty,tests\test_ui\test_app_embedded_tools.py,290,9,,unresolved-attribute,unresolved-attribute,Object of type `MainWindow` has no attribute `on_debug_current_binary`,,,,,,,,,,,,
ty,tests\test_ui\test_app_embedded_tools.py,307,9,,unresolved-attribute,unresolved-attribute,Object of type `MainWindow` has no attribute `on_analyze_current_binary`,,,,,,,,,,,,
ty,tests\test_ui\test_app_embedded_tools.py,324,9,,unresolved-attribute,unresolved-attribute,Object of type `MainWindow` has no attribute `on_hex_edit_current_binary`,,,,,,,,,,,,
ty,tests\test_ui\test_app_embedded_tools.py,352,9,,unresolved-attribute,unresolved-attribute,Object of type `MainWindow` has no attribute `load_binary`,,,,,,,,,,,,
ty,tests\test_ui\test_app_embedded_tools.py,371,9,,unresolved-attribute,unresolved-attribute,Object of type `MainWindow` has no attribute `show_tool_error`,,,,,,,,,,,,
ty,tests\test_ui\test_app_embedded_tools.py,387,9,,unresolved-attribute,unresolved-attribute,Object of type `MainWindow` has no attribute `show_no_binary_warning`,,,,,,,,,,,,
ty,src\intellicrack\bridges\schemas.py,594,17,,no-matching-overload,no-matching-overload,No overload of bound method `__init__` matches arguments,,,,,,,,,,,,
ty,src\intellicrack\bridges\schemas.py,596,17,,no-matching-overload,no-matching-overload,No overload of bound method `__init__` matches arguments,,,,,,,,,,,,
ty,src\intellicrack\bridges\schemas.py,598,17,,no-matching-overload,no-matching-overload,No overload of bound method `__init__` matches arguments,,,,,,,,,,,,
ty,src\intellicrack\bridges\schemas.py,600,17,,no-matching-overload,no-matching-overload,No overload of bound method `__init__` matches arguments,,,,,,,,,,,,
ty,src\intellicrack\bridges\schemas.py,602,17,,no-matching-overload,no-matching-overload,No overload of bound method `__init__` matches arguments,,,,,,,,,,,,
ty,src\intellicrack\bridges\schemas.py,604,17,,no-matching-overload,no-matching-overload,No overload of bound method `__init__` matches arguments,,,,,,,,,,,,
ty,src\intellicrack\bridges\schemas.py,606,17,,no-matching-overload,no-matching-overload,No overload of bound method `__init__` matches arguments,,,,,,,,,,,,
ty,src\intellicrack\bridges\schemas.py,608,17,,no-matching-overload,no-matching-overload,No overload of bound method `__init__` matches arguments,,,,,,,,,,,,
ty,src\intellicrack\providers\anthropic.py,489,60,,unresolved-attribute,unresolved-attribute,"Attribute `input` is not defined on `ParsedTextBlock[Any]`, `ThinkingBlock`, `RedactedThinkingBlock`, `WebSearchToolResultBlock` in union `ParsedTextBlock[Any] | ThinkingBlock | RedactedThinkingBlock | ... omitted 3 union elements`",,,,,,,,,,,,
ty,src\intellicrack\providers\anthropic.py,492,40,,unresolved-attribute,unresolved-attribute,"Attribute `id` is not defined on `ParsedTextBlock[Any]`, `ThinkingBlock`, `RedactedThinkingBlock`, `WebSearchToolResultBlock` in union `ParsedTextBlock[Any] | ThinkingBlock | RedactedThinkingBlock | ... omitted 3 union elements`",,,,,,,,,,,,
ty,src\intellicrack\providers\anthropic.py,493,47,,unresolved-attribute,unresolved-attribute,"Attribute `name` is not defined on `ParsedTextBlock[Any]`, `ThinkingBlock`, `RedactedThinkingBlock`, `WebSearchToolResultBlock` in union `ParsedTextBlock[Any] | ThinkingBlock | RedactedThinkingBlock | ... omitted 3 union elements`",,,,,,,,,,,,
ty,src\intellicrack\providers\anthropic.py,493,82,,unresolved-attribute,unresolved-attribute,"Attribute `name` is not defined on `ParsedTextBlock[Any]`, `ThinkingBlock`, `RedactedThinkingBlock`, `WebSearchToolResultBlock` in union `ParsedTextBlock[Any] | ThinkingBlock | RedactedThinkingBlock | ... omitted 3 union elements`",,,,,,,,,,,,
ty,src\intellicrack\providers\anthropic.py,493,98,,unresolved-attribute,unresolved-attribute,"Attribute `name` is not defined on `ParsedTextBlock[Any]`, `ThinkingBlock`, `RedactedThinkingBlock`, `WebSearchToolResultBlock` in union `ParsedTextBlock[Any] | ThinkingBlock | RedactedThinkingBlock | ... omitted 3 union elements`",,,,,,,,,,,,
ty,src\intellicrack\providers\anthropic.py,494,51,,unresolved-attribute,unresolved-attribute,"Attribute `name` is not defined on `ParsedTextBlock[Any]`, `ThinkingBlock`, `RedactedThinkingBlock`, `WebSearchToolResultBlock` in union `ParsedTextBlock[Any] | ThinkingBlock | RedactedThinkingBlock | ... omitted 3 union elements`",,,,,,,,,,,,
ty,src\intellicrack\providers\anthropic.py,501,44,,invalid-argument-type,invalid-argument-type,"Argument to function `len` is incorrect: Expected `Sized`, found `object`",,,,,,,,,,,,
ty,src\intellicrack\providers\anthropic.py,587,17,,invalid-argument-type,invalid-argument-type,"Argument to bound method `extend` is incorrect: Expected `Iterable[dict[str, object]]`, found `GeneratorType[dict[str, str | dict[str, Any]], None, None]`",,,,,,,,,,,,
ty,tests\test_hexcore_e2e\test_bridge_yara.py,85,41,,invalid-assignment,invalid-assignment,"Object of type `object` is not assignable to `list[dict[str, Any]]`",,,,,,,,,,,,
ty,tests\test_hexcore_e2e\test_bridge_yara.py,94,41,,invalid-assignment,invalid-assignment,"Object of type `object` is not assignable to `list[dict[str, Any]]`",,,,,,,,,,,,
ty,tests\test_hexcore_e2e\test_bridge_yara.py,103,41,,invalid-assignment,invalid-assignment,"Object of type `object` is not assignable to `list[dict[str, Any]]`",,,,,,,,,,,,
ty,tests\test_hexcore_e2e\test_bridge_yara.py,114,41,,invalid-assignment,invalid-assignment,"Object of type `object` is not assignable to `list[dict[str, Any]]`",,,,,,,,,,,,
ty,tests\test_hexcore_e2e\test_bridge_yara.py,123,41,,invalid-assignment,invalid-assignment,"Object of type `object` is not assignable to `list[dict[str, Any]]`",,,,,,,,,,,,
ty,tests\test_hexcore_e2e\test_bridge_yara.py,137,41,,invalid-assignment,invalid-assignment,"Object of type `object` is not assignable to `list[dict[str, Any]]`",,,,,,,,,,,,
ty,tests\test_hexcore_e2e\test_bridge_yara.py,154,41,,invalid-assignment,invalid-assignment,"Object of type `object` is not assignable to `list[dict[str, Any]]`",,,,,,,,,,,,
ty,tests\test_hexcore_e2e\test_bridge_yara.py,167,41,,invalid-assignment,invalid-assignment,"Object of type `object` is not assignable to `list[dict[str, Any]]`",,,,,,,,,,,,
ty,tests\test_ui\test_vnc_widget.py,96,9,,invalid-assignment,invalid-assignment,Cannot assign to read-only property `connected` on object of type `RFBClient`: Attempted assignment to `RFBClient.connected` here,,,,,,,,,,,,
ty,tests\test_ui\test_vnc_widget.py,98,9,,invalid-assignment,invalid-assignment,Cannot assign to read-only property `connected` on object of type `RFBClient`: Attempted assignment to `RFBClient.connected` here,,,,,,,,,,,,
ty,tests\test_ui\test_vnc_widget.py,105,80,,unknown-argument,unknown-argument,Argument `timeout` does not match any known parameter of bound method `connect`,,,,,,,,,,,,
ty,tests\test_ui\test_vnc_widget.py,199,9,,unresolved-attribute,unresolved-attribute,Object of type `RFBClient` has no attribute `apply_raw_rect`,,,,,,,,,,,,
ty,tests\test_ui\test_vnc_widget.py,214,9,,unresolved-attribute,unresolved-attribute,Object of type `RFBClient` has no attribute `apply_raw_rect`,,,,,,,,,,,,
ty,tests\test_ui\test_vnc_widget.py,220,9,,unresolved-attribute,unresolved-attribute,Object of type `RFBClient` has no attribute `apply_raw_rect`,,,,,,,,,,,,
ty,tests\test_ui\test_vnc_widget.py,230,9,,unresolved-attribute,unresolved-attribute,Object of type `RFBClient` has no attribute `apply_raw_rect`,,,,,,,,,,,,
ty,tests\test_ui\test_vnc_widget.py,353,25,,unresolved-attribute,unresolved-attribute,Class `VNCWidget` has no attribute `button_mask`,,,,,,,,,,,,
ty,src\intellicrack\ui\panels\cutter_panel.py,126,9,,invalid-method-override,invalid-method-override,Invalid override of method `_populate_toolbar`: Definition is incompatible with `AnalysisPanelBase._populate_toolbar`,,,,,,,,,,,,
ty,src\intellicrack\ui\panels\cutter_panel.py,144,28,,unresolved-attribute,unresolved-attribute,Object of type `Self@_populate_toolbar` has no attribute `_add_toolbar_line_edit`,,,,,,,,,,,,
ty,src\intellicrack\ui\panels\cutter_panel.py,146,33,,unresolved-attribute,unresolved-attribute,Object of type `Self@_populate_toolbar` has no attribute `_add_toolbar_line_edit`,,,,,,,,,,,,
ty,src\intellicrack\ui\panels\cutter_panel.py,731,40,,invalid-assignment,invalid-assignment,"Object of type `list[object] | list[dict[str, Any]]` is not assignable to `list[dict[str, Any]]`",,,,,,,,,,,,
ty,src\intellicrack\ui\panels\cutter_panel.py,1128,39,,invalid-argument-type,invalid-argument-type,"Argument to bound method `itemAt` is incorrect: Expected `QPoint`, found `object`",,,,,,,,,,,,
ty,src\intellicrack\ui\panels\cutter_panel.py,1162,19,,no-matching-overload,no-matching-overload,No overload of bound method `mapToGlobal` matches arguments,,,,,,,,,,,,
ty,src\intellicrack\ui\panels\cutter_panel.py,1162,19,,unresolved-attribute,unresolved-attribute,Attribute `mapToGlobal` is not defined on `None` in union `Unknown | QWidget | None`,,,,,,,,,,,,
ty,tests\test_bridges\test_x64dbg_events.py,100,9,,unresolved-attribute,unresolved-attribute,Object of type `X64DbgBridge` has no attribute `handle_event`,,,,,,,,,,,,
ty,tests\test_bridges\test_x64dbg_events.py,122,9,,unresolved-attribute,unresolved-attribute,Object of type `X64DbgBridge` has no attribute `handle_event`,,,,,,,,,,,,
ty,tests\test_bridges\test_x64dbg_events.py,143,9,,unresolved-attribute,unresolved-attribute,Object of type `X64DbgBridge` has no attribute `handle_event`,,,,,,,,,,,,
ty,tests\test_bridges\test_x64dbg_events.py,151,9,,unresolved-attribute,unresolved-attribute,Object of type `X64DbgBridge` has no attribute `handle_event`,,,,,,,,,,,,
ty,tests\test_bridges\test_x64dbg_events.py,170,9,,unresolved-attribute,unresolved-attribute,Object of type `X64DbgBridge` has no attribute `handle_event`,,,,,,,,,,,,
ty,tests\test_bridges\test_x64dbg_events.py,187,9,,unresolved-attribute,unresolved-attribute,Object of type `X64DbgBridge` has no attribute `handle_event`,,,,,,,,,,,,
ty,tests\test_bridges\test_x64dbg_events.py,195,9,,unresolved-attribute,unresolved-attribute,Object of type `X64DbgBridge` has no attribute `handle_event`,,,,,,,,,,,,
ty,tests\test_hexcore_e2e\test_bridge_ai_context.py,57,31,,invalid-assignment,invalid-assignment,"Object of type `object` is not assignable to `dict[str, Any]`",,,,,,,,,,,,
ty,tests\test_hexcore_e2e\test_bridge_ai_context.py,67,31,,invalid-assignment,invalid-assignment,"Object of type `object` is not assignable to `dict[str, Any]`",,,,,,,,,,,,
ty,tests\test_hexcore_e2e\test_bridge_ai_context.py,83,31,,invalid-assignment,invalid-assignment,"Object of type `object` is not assignable to `dict[str, Any]`",,,,,,,,,,,,
ty,tests\test_hexcore_e2e\test_bridge_ai_context.py,94,31,,invalid-assignment,invalid-assignment,"Object of type `object` is not assignable to `dict[str, Any]`",,,,,,,,,,,,
ty,tests\test_hexcore_e2e\test_bridge_ai_context.py,108,31,,invalid-assignment,invalid-assignment,"Object of type `object` is not assignable to `dict[str, Any]`",,,,,,,,,,,,
ty,tests\test_hexcore_e2e\test_bridge_ai_context.py,120,31,,invalid-assignment,invalid-assignment,"Object of type `object` is not assignable to `dict[str, Any]`",,,,,,,,,,,,
ty,tests\test_hexcore_e2e\test_bridge_ai_context.py,132,31,,invalid-assignment,invalid-assignment,"Object of type `object` is not assignable to `dict[str, Any]`",,,,,,,,,,,,
ty,tests\test_hexcore_e2e\test_bridge_disassembly.py,66,40,,invalid-assignment,invalid-assignment,"Object of type `object` is not assignable to `list[dict[str, Any]]`",,,,,,,,,,,,
ty,tests\test_hexcore_e2e\test_bridge_disassembly.py,80,40,,invalid-assignment,invalid-assignment,"Object of type `object` is not assignable to `list[dict[str, Any]]`",,,,,,,,,,,,
ty,tests\test_hexcore_e2e\test_bridge_disassembly.py,95,40,,invalid-assignment,invalid-assignment,"Object of type `object` is not assignable to `list[dict[str, Any]]`",,,,,,,,,,,,
ty,tests\test_hexcore_e2e\test_bridge_disassembly.py,111,40,,invalid-assignment,invalid-assignment,"Object of type `object` is not assignable to `list[dict[str, Any]]`",,,,,,,,,,,,
ty,tests\test_hexcore_e2e\test_bridge_disassembly.py,125,40,,invalid-assignment,invalid-assignment,"Object of type `object` is not assignable to `list[dict[str, Any]]`",,,,,,,,,,,,
ty,tests\test_hexcore_e2e\test_bridge_disassembly.py,139,40,,invalid-assignment,invalid-assignment,"Object of type `object` is not assignable to `list[dict[str, Any]]`",,,,,,,,,,,,
ty,tests\test_hexcore_e2e\test_bridge_disassembly.py,149,40,,invalid-assignment,invalid-assignment,"Object of type `object` is not assignable to `list[dict[str, Any]]`",,,,,,,,,,,,
ty,tests\test_hexcore_e2e\test_bridge_patches.py,55,23,,invalid-assignment,invalid-assignment,Object of type `object` is not assignable to `str`,,,,,,,,,,,,
ty,tests\test_hexcore_e2e\test_bridge_patches.py,71,27,,invalid-assignment,invalid-assignment,Object of type `object` is not assignable to `str`,,,,,,,,,,,,
ty,tests\test_hexcore_e2e\test_bridge_patches.py,87,27,,invalid-assignment,invalid-assignment,Object of type `object` is not assignable to `str`,,,,,,,,,,,,
ty,tests\test_hexcore_e2e\test_bridge_patches.py,107,28,,invalid-assignment,invalid-assignment,Object of type `object` is not assignable to `str`,,,,,,,,,,,,
ty,tests\test_hexcore_e2e\test_bridge_patches.py,115,22,,invalid-assignment,invalid-assignment,Object of type `object` is not assignable to `int`,,,,,,,,,,,,
ty,tests\test_hexcore_e2e\test_bridge_patches.py,136,28,,invalid-assignment,invalid-assignment,Object of type `object` is not assignable to `str`,,,,,,,,,,,,
ty,tests\test_hexcore_e2e\test_bridge_patches.py,146,22,,invalid-assignment,invalid-assignment,Object of type `object` is not assignable to `str`,,,,,,,,,,,,
ty,tests\test_hexcore_e2e\test_hex_document_state.py,81,28,,invalid-argument-type,invalid-argument-type,"Argument to bound method `set_document` is incorrect: Expected `HexDocumentFull | None`, found `object`",,,,,,,,,,,,
ty,tests\test_hexcore_e2e\test_hex_document_state.py,93,28,,invalid-argument-type,invalid-argument-type,"Argument to bound method `set_document` is incorrect: Expected `HexDocumentFull | None`, found `object`",,,,,,,,,,,,
ty,tests\test_hexcore_e2e\test_hex_document_state.py,112,28,,invalid-argument-type,invalid-argument-type,"Argument to bound method `set_document` is incorrect: Expected `HexDocumentFull | None`, found `object`",,,,,,,,,,,,
ty,tests\test_hexcore_e2e\test_hex_document_state.py,119,28,,invalid-argument-type,invalid-argument-type,"Argument to bound method `set_document` is incorrect: Expected `HexDocumentFull | None`, found `object`",,,,,,,,,,,,
ty,tests\test_hexcore_e2e\test_hex_document_state.py,126,28,,invalid-argument-type,invalid-argument-type,"Argument to bound method `set_document` is incorrect: Expected `HexDocumentFull | None`, found `object`",,,,,,,,,,,,
ty,tests\test_hexcore_e2e\test_hex_document_state.py,133,28,,invalid-argument-type,invalid-argument-type,"Argument to bound method `set_document` is incorrect: Expected `HexDocumentFull | None`, found `object`",,,,,,,,,,,,
ty,tests\test_hexcore_e2e\test_hex_document_state.py,688,20,,invalid-argument-type,invalid-argument-type,"Argument to bound method `set_document` is incorrect: Expected `HexDocumentFull | None`, found `object`",,,,,,,,,,,,
ty,src\intellicrack\providers\local_transformers.py,64,14,,invalid-assignment,invalid-assignment,Object of type `None` is not assignable to `<module 'torch'>`,,,,,,,,,,,,
ty,src\intellicrack\providers\local_transformers.py,618,23,,call-non-callable,call-non-callable,Object of type `Tensor` is not callable,,,,,,,,,,,,
ty,src\intellicrack\providers\local_transformers.py,696,21,,invalid-argument-type,invalid-argument-type,"Argument to function `to_thread` is incorrect: Expected `tuple[tuple[Tensor, ...], ...] | None`, found `None | Cache`",,,,,,,,,,,,
ty,src\intellicrack\providers\local_transformers.py,699,22,,not-subscriptable,not-subscriptable,Cannot subscript object of type `None` with no `__getitem__` method,,,,,,,,,,,,
ty,src\intellicrack\providers\local_transformers.py,721,23,,invalid-yield,invalid-yield,Yield type `(str & ~AlwaysFalsy) | (list[str] & ~AlwaysFalsy)` does not match annotated yield type `str`,,,,,,,,,,,,
ty,src\intellicrack\providers\local_transformers.py,818,47,,invalid-assignment,invalid-assignment,Object of type `str | list[int] | list[str] | list[list[int]] | BatchEncoding` is not assignable to `str | list[int]`,,,,,,,,,,,,
ty,src\intellicrack\sandbox\windows.py,192,35,,invalid-argument-type,invalid-argument-type,"Argument to function `__new__` is incorrect: Expected `str | PathLike[str]`, found `str | bytes`",,,,,,,,,,,,
ty,src\intellicrack\sandbox\windows.py,215,13,,invalid-assignment,invalid-assignment,Object of type `Popen[str] | Popen[bytes] | Popen[Any]` is not assignable to attribute `process` of type `Popen[bytes] | None`,,,,,,,,,,,,
ty,src\intellicrack\sandbox\windows.py,225,17,,invalid-argument-type,invalid-argument-type,"Argument to bound method `register` is incorrect: Expected `Popen[bytes] | Process`, found `Popen[bytes] | None`",,,,,,,,,,,,
ty,src\intellicrack\sandbox\windows.py,238,30,,unresolved-attribute,unresolved-attribute,Attribute `pid` is not defined on `None` in union `Popen[bytes] | None`,,,,,,,,,,,,
ty,src\intellicrack\sandbox\windows.py,240,57,,unresolved-attribute,unresolved-attribute,Attribute `pid` is not defined on `None` in union `Popen[bytes] | None`,,,,,,,,,,,,
ty,src\intellicrack\sandbox\windows.py,1240,20,,unresolved-import,unresolved-import,Cannot resolve imported module `yara`,,,,,,,,,,,,
ty,src\intellicrack\ui\xpu_status.py,46,34,,invalid-assignment,invalid-assignment,"Object of type `None` is not assignable to `def check_windows_requirements() -> tuple[bool, list[str]]`",,,,,,,,,,,,
ty,src\intellicrack\ui\xpu_status.py,47,33,,invalid-assignment,invalid-assignment,Object of type `None` is not assignable to `def get_optimal_dtype_for_xpu() -> str`,,,,,,,,,,,,
ty,src\intellicrack\ui\xpu_status.py,48,27,,invalid-assignment,invalid-assignment,Object of type `None` is not assignable to `def get_xpu_device_info(device_index: int) -> XPUDeviceInfo | None`,,,,,,,,,,,,
ty,src\intellicrack\ui\xpu_status.py,49,27,,invalid-assignment,invalid-assignment,"Object of type `None` is not assignable to `def get_xpu_memory_info(device_index: int = 0) -> tuple[int, int]`",,,,,,,,,,,,
ty,src\intellicrack\ui\xpu_status.py,50,24,,invalid-assignment,invalid-assignment,Object of type `None` is not assignable to `def is_xpu_available() -> bool`,,,,,,,,,,,,
ty,src\intellicrack\ui\xpu_status.py,56,30,,invalid-assignment,invalid-assignment,Object of type `None` is not assignable to `def get_global_model_cache() -> ModelCache`,,,,,,,,,,,,
ty,tests\test_hexcore_e2e\test_bridge_sandbox.py,81,41,,invalid-argument-type,invalid-argument-type,"Argument to bound method `set_tool_registry` is incorrect: Expected `ToolRegistry`, found `_MinimalRegistry`",,,,,,,,,,,,
ty,tests\test_hexcore_e2e\test_bridge_sandbox.py,93,34,,invalid-argument-type,invalid-argument-type,"Argument to bound method `set_tool_registry` is incorrect: Expected `ToolRegistry`, found `_MinimalRegistry`",,,,,,,,,,,,
ty,tests\test_hexcore_e2e\test_bridge_sandbox.py,103,41,,invalid-argument-type,invalid-argument-type,"Argument to bound method `set_tool_registry` is incorrect: Expected `ToolRegistry`, found `_MinimalRegistry`",,,,,,,,,,,,
ty,tests\test_hexcore_e2e\test_bridge_sandbox.py,138,41,,invalid-argument-type,invalid-argument-type,"Argument to bound method `set_tool_registry` is incorrect: Expected `ToolRegistry`, found `_MinimalRegistry`",,,,,,,,,,,,
ty,tests\test_hexcore_e2e\test_bridge_sandbox.py,149,79,,unknown-argument,unknown-argument,Argument `timeout` does not match any known parameter of bound method `test_in_sandbox`,,,,,,,,,,,,
ty,tests\test_hexcore_e2e\test_bridge_sandbox.py,170,34,,invalid-argument-type,invalid-argument-type,"Argument to bound method `set_tool_registry` is incorrect: Expected `ToolRegistry`, found `_MinimalRegistry`",,,,,,,,,,,,
ty,tests\test_bridges\test_schemas.py,115,19,,unresolved-attribute,unresolved-attribute,Class `ToolName` has no attribute `BINARY`,,,,,,,,,,,,
ty,tests\test_bridges\test_schemas.py,329,34,,unresolved-attribute,unresolved-attribute,Class `ToolName` has no attribute `BINARY`,,,,,,,,,,,,
ty,tests\test_bridges\test_schemas.py,336,34,,unresolved-attribute,unresolved-attribute,Class `ToolName` has no attribute `BINARY`,,,,,,,,,,,,
ty,tests\test_bridges\test_schemas.py,476,34,,unresolved-attribute,unresolved-attribute,Class `ToolName` has no attribute `BINARY`,,,,,,,,,,,,
ty,tests\test_bridges\test_schemas.py,485,19,,unresolved-attribute,unresolved-attribute,Class `ToolName` has no attribute `BINARY`,,,,,,,,,,,,
ty,src\intellicrack\ui\panels\ghidra_panel.py,151,9,,invalid-method-override,invalid-method-override,Invalid override of method `_populate_toolbar`: Definition is incompatible with `AnalysisPanelBase._populate_toolbar`,,,,,,,,,,,,
ty,src\intellicrack\ui\panels\ghidra_panel.py,1736,13,,unresolved-attribute,unresolved-attribute,Object of type `CFGGraphView` has no attribute `load_graph`,,,,,,,,,,,,
ty,src\intellicrack\ui\panels\ghidra_panel.py,1857,28,,invalid-argument-type,invalid-argument-type,"Argument to function `exec` is incorrect: Expected `QMenu`, found `Unknown | QPoint`",,,,,,,,,,,,
ty,src\intellicrack\ui\panels\ghidra_panel.py,1865,49,,invalid-argument-type,invalid-argument-type,"Argument to bound method `_dispatch_func_menu_action` is incorrect: Expected `dict[str, object]`, found `dict[str, QAction | None]`",,,,,,,,,,,,
ty,tests\test_bridges\test_process_bridge.py,226,16,,unsupported-operator,unsupported-operator,Operator `>` is not supported between objects of type `int | str | float` and `Literal[0]`,,,,,,,,,,,,
ty,tests\test_bridges\test_process_bridge.py,490,16,,unsupported-operator,unsupported-operator,Operator `>` is not supported between objects of type `object` and `Literal[0]`,,,,,,,,,,,,
ty,tests\test_bridges\test_process_bridge.py,495,16,,unsupported-operator,unsupported-operator,Operator `>` is not supported between objects of type `object` and `Literal[0]`,,,,,,,,,,,,
ty,tests\test_bridges\test_process_bridge.py,502,16,,unsupported-operator,unsupported-operator,Operator `>` is not supported between objects of type `object` and `Literal[0]`,,,,,,,,,,,,
ty,tests\test_providers\test_local_transformers_provider.py,501,18,,unresolved-attribute,unresolved-attribute,Object of type `LocalTransformersProvider` has no attribute `format_prompt`,,,,,,,,,,,,
ty,tests\test_providers\test_local_transformers_provider.py,514,18,,unresolved-attribute,unresolved-attribute,Object of type `LocalTransformersProvider` has no attribute `format_prompt`,,,,,,,,,,,,
ty,tests\test_providers\test_local_transformers_provider.py,526,18,,unresolved-attribute,unresolved-attribute,Object of type `LocalTransformersProvider` has no attribute `parse_tool_calls`,,,,,,,,,,,,
ty,tests\test_providers\test_local_transformers_provider.py,534,18,,unresolved-attribute,unresolved-attribute,Object of type `LocalTransformersProvider` has no attribute `parse_tool_calls`,,,,,,,,,,,,
ty,tests\test_providers\test_model_discovery.py,137,39,,invalid-argument-type,invalid-argument-type,"Argument to bound method `connect` is incorrect: Expected `ProviderCredentials`, found `ProviderCredentials | None`",,,,,,,,,,,,
ty,tests\test_providers\test_model_discovery.py,147,39,,invalid-argument-type,invalid-argument-type,"Argument to bound method `connect` is incorrect: Expected `ProviderCredentials`, found `ProviderCredentials | None`",,,,,,,,,,,,
ty,tests\test_providers\test_model_discovery.py,157,43,,invalid-argument-type,invalid-argument-type,"Argument to bound method `connect` is incorrect: Expected `ProviderCredentials`, found `ProviderCredentials | None`",,,,,,,,,,,,
ty,tests\test_providers\test_model_discovery.py,167,42,,invalid-argument-type,invalid-argument-type,"Argument to bound method `connect` is incorrect: Expected `ProviderCredentials`, found `ProviderCredentials | None`",,,,,,,,,,,,
ty,tests\test_ui\test_graph_view.py,256,18,,unresolved-attribute,unresolved-attribute,Class `CFGGraphScene` has no attribute `compute_layers`,,,,,,,,,,,,
ty,tests\test_ui\test_graph_view.py,270,18,,unresolved-attribute,unresolved-attribute,Class `CFGGraphScene` has no attribute `compute_layers`,,,,,,,,,,,,
ty,tests\test_ui\test_graph_view.py,280,18,,unresolved-attribute,unresolved-attribute,Class `CFGGraphScene` has no attribute `compute_layers`,,,,,,,,,,,,
ty,tests\test_ui\test_graph_view.py,335,17,,unresolved-attribute,unresolved-attribute,Attribute `items` is not defined on `None` in union `QGraphicsScene | None`,,,,,,,,,,,,
ty,src\intellicrack\bridges\hex_editor.py,37,10,,unresolved-import,unresolved-import,Cannot resolve imported module `fpdf`,,,,,,,,,,,,
ty,src\intellicrack\bridges\hex_editor.py,2906,62,,call-non-callable,call-non-callable,Object of type `None` is not callable,,,,,,,,,,,,
ty,src\intellicrack\bridges\hex_editor.py,6031,10,,unresolved-import,unresolved-import,Cannot resolve imported module `fpdf`,,,,,,,,,,,,
ty,src\intellicrack\bridges\sandbox_bridge.py,771,15,,invalid-type-form,invalid-type-form,"Invalid subscript of object of type `def list(self) -> CoroutineType[Any, Any, Unknown]` in a parameter annotation",,,,,,,,,,,,
ty,src\intellicrack\bridges\sandbox_bridge.py,965,29,,invalid-type-form,invalid-type-form,"Invalid subscript of object of type `def list(self) -> CoroutineType[Any, Any, Unknown]` in a return type annotation",,,,,,,,,,,,
ty,src\intellicrack\bridges\sandbox_bridge.py,1572,21,,invalid-type-form,invalid-type-form,"Invalid subscript of object of type `def list(self) -> CoroutineType[Any, Any, Unknown]` in a parameter annotation",,,,,,,,,,,,
ty,src\intellicrack\bridges\x64dbg.py,1708,9,,invalid-assignment,invalid-assignment,Object of type `Popen[str] | Popen[bytes] | Popen[Any]` is not assignable to attribute `_process` of type `Popen[bytes] | None`,,,,,,,,,,,,
ty,src\intellicrack\bridges\x64dbg.py,1718,13,,invalid-argument-type,invalid-argument-type,"Argument to bound method `register` is incorrect: Expected `Popen[bytes] | Process`, found `Popen[bytes] | None`",,,,,,,,,,,,
ty,src\intellicrack\bridges\x64dbg.py,4245,20,,unresolved-import,unresolved-import,Cannot resolve imported module `yara`,,,,,,,,,,,,
ty,src\intellicrack\sandbox\qemu.py,1005,35,,invalid-argument-type,invalid-argument-type,"Argument to function `__new__` is incorrect: Expected `str | PathLike[str]`, found `str | bytes`",,,,,,,,,,,,
ty,src\intellicrack\sandbox\qemu.py,2437,18,,unresolved-import,unresolved-import,Cannot resolve imported module `PIL`,,,,,,,,,,,,
ty,src\intellicrack\sandbox\qemu.py,2678,20,,unresolved-import,unresolved-import,Cannot resolve imported module `yara`,,,,,,,,,,,,
ty,tests\core\test_process_cleanup.py,227,5,,invalid-assignment,invalid-assignment,Invalid assignment to data descriptor attribute `r2` on type `CutterBridge` with custom `__set__` method,,,,,,,,,,,,
ty,tests\core\test_process_cleanup.py,249,5,,invalid-assignment,invalid-assignment,Invalid assignment to data descriptor attribute `r2` on type `CutterBridge` with custom `__set__` method,,,,,,,,,,,,
ty,tests\core\test_process_cleanup.py,259,5,,invalid-assignment,invalid-assignment,Invalid assignment to data descriptor attribute `r2` on type `CutterBridge` with custom `__set__` method,,,,,,,,,,,,
ty,tests\test_hexcore_e2e\test_bridge_state_integration.py,236,32,,invalid-assignment,invalid-assignment,Object of type `object` is not assignable to `str`,,,,,,,,,,,,
ty,tests\test_hexcore_e2e\test_bridge_state_integration.py,263,44,,invalid-argument-type,invalid-argument-type,"Argument to bound method `remove_template` is incorrect: Expected `str`, found `object`",,,,,,,,,,,,
ty,tests\test_hexcore_e2e\test_bridge_state_integration.py,300,24,,invalid-assignment,invalid-assignment,Object of type `object` is not assignable to `str`,,,,,,,,,,,,
ty,tests\test_ui\test_search_async.py,146,16,,unresolved-attribute,unresolved-attribute,Object of type `SearchWorker` has no attribute `document`,,,,,,,,,,,,
ty,tests\test_ui\test_search_async.py,147,16,,unresolved-attribute,unresolved-attribute,Object of type `SearchWorker` has no attribute `mode`,,,,,,,,,,,,
ty,tests\test_ui\test_search_async.py,149,16,,unresolved-attribute,unresolved-attribute,Object of type `SearchWorker` has no attribute `encoding`,,,,,,,,,,,,
ty,tests\test_ui\test_tool_panel_detach.py,75,9,,unresolved-attribute,unresolved-attribute,Object of type `ToolOutputPanel` has no attribute `reattach_panel`,,,,,,,,,,,,
ty,tests\test_ui\test_tool_panel_detach.py,143,9,,unresolved-attribute,unresolved-attribute,Object of type `ToolOutputPanel` has no attribute `close_other_tabs`,,,,,,,,,,,,
ty,tests\test_ui\test_tool_panel_detach.py,157,9,,unresolved-attribute,unresolved-attribute,Object of type `ToolOutputPanel` has no attribute `close_all_tabs`,,,,,,,,,,,,
ty,src\intellicrack\core\process_manager.py,268,13,,call-top-callable,call-top-callable,Object of type `Top[(...) -> object]` is not safe to call; its signature is not known,,,,,,,,,,,,
ty,src\intellicrack\core\process_manager.py,551,56,,invalid-argument-type,invalid-argument-type,"Argument to function `_terminate_subprocess` is incorrect: Expected `Popen[bytes]`, found `Popen[bytes] | (Process & Top[Popen[Unknown]])`",,,,,,,,,,,,
ty,src\intellicrack\ui\app.py,68,30,,invalid-assignment,invalid-assignment,Object of type `None` is not assignable to `def get_global_model_cache() -> ModelCache`,,,,,,,,,,,,
ty,src\intellicrack\ui\app.py,69,29,,invalid-assignment,invalid-assignment,Object of type `None` is not assignable to `def set_global_cache_size(max_memory_bytes: int) -> None`,,,,,,,,,,,,
ty,tests\test_bridges\test_x64dbg.py,174,26,,invalid-assignment,invalid-assignment,"Object of type `dict[str, int | str]` is not assignable to `WatchpointInfo`",,,,,,,,,,,,
ty,tests\test_bridges\test_x64dbg.py,184,12,,not-subscriptable,not-subscriptable,Cannot subscript object of type `WatchpointInfo` with no `__getitem__` method,,,,,,,,,,,,
ty,tests\test_providers\test_provider_bugfixes.py,77,36,,invalid-argument-type,invalid-argument-type,"Argument to bound method `get` is incorrect: Expected `OAuthProvider`, found `object`",,,,,,,,,,,,
ty,tests\test_providers\test_provider_bugfixes.py,188,23,,invalid-argument-type,invalid-argument-type,"Argument to function `__new__` is incorrect: Expected `str | Buffer | SupportsFloat | SupportsIndex`, found `None`",,,,,,,,,,,,
ty,tests\test_providers\test_registry.py,77,15,,invalid-method-override,invalid-method-override,Invalid override of method `chat`: Definition is incompatible with `LLMProviderBase.chat`,,,,,,,,,,,,
ty,tests\test_providers\test_registry.py,100,15,,invalid-method-override,invalid-method-override,Invalid override of method `chat_stream`: Definition is incompatible with `LLMProviderBase.chat_stream`,,,,,,,,,,,,
ty,tests\test_sandbox\conftest.py,1188,5,,invalid-assignment,invalid-assignment,Object of type `StubManager` is not assignable to attribute `_manager` of type `SandboxManager | None`,,,,,,,,,,,,
ty,tests\test_sandbox\conftest.py,1214,5,,invalid-assignment,invalid-assignment,Object of type `StubManager` is not assignable to attribute `_manager` of type `SandboxManager | None`,,,,,,,,,,,,
ty,src\intellicrack\bridges\ghidra.py,1951,21,,invalid-argument-type,invalid-argument-type,"Argument is incorrect: Expected `Literal[""ascii"", ""utf-8"", ""utf-16le"", ""utf-16be""]`, found `str`",,,,,,,,,,,,
ty,src\intellicrack\bridges\installer.py,256,35,,invalid-argument-type,invalid-argument-type,"Argument to function `__new__` is incorrect: Expected `str | PathLike[str]`, found `str | bytes`",,,,,,,,,,,,
ty,src\intellicrack\core\logging.py,447,25,,,,"warning[redundant-cast] Value is already of type `tuple[object, ...]`",,,,,,,,,,,,
ty,src\intellicrack\core\yara_scanner.py,32,12,,unresolved-import,unresolved-import,Cannot resolve imported module `yara`,,,,,,,,,,,,
ty,src\intellicrack\credentials\store.py,35,23,,invalid-assignment,invalid-assignment,Object of type `None` is not assignable to `<module 'keyring'>`,,,,,,,,,,,,
ty,src\intellicrack\main.py,205,12,,,,warning[redundant-cast] Value is already of type `<class 'SplashScreen'>`,,,,,,,,,,,,
ty,src\intellicrack\providers\base.py,565,21,,invalid-argument-type,invalid-argument-type,"Argument to bound method `extend` is incorrect: Expected `Iterable[dict[str, object]]`, found `GeneratorType[dict[str, str], None, None]`",,,,,,,,,,,,
ty,src\intellicrack\providers\xpu_utils.py,28,21,,invalid-assignment,invalid-assignment,Object of type `None` is not assignable to `<module 'torch'>`,,,,,,,,,,,,
ty,src\intellicrack\sandbox\analysis.py,1209,22,,no-matching-overload,no-matching-overload,No overload of bound method `__init__` matches arguments,,,,,,,,,,,,
ty,src\intellicrack\ui\panels\frida_panel.py,116,9,,invalid-method-override,invalid-method-override,Invalid override of method `_populate_toolbar`: Definition is incompatible with `AnalysisPanelBase._populate_toolbar`,,,,,,,,,,,,
ty,src\intellicrack\ui\panels\hex_editor\_base.py,60,14,,invalid-assignment,invalid-assignment,Object of type `None` is not assignable to `<module 'pefile'>`,,,,,,,,,,,,
ty,src\intellicrack\ui\panels\hex_editor\_scripting.py,590,34,,invalid-argument-type,invalid-argument-type,"Argument to bound method `__init__` is incorrect: Expected `QTextDocument`, found `QTextDocument | None`",,,,,,,,,,,,
ty,src\intellicrack\ui\panels\hex_editor\_yara.py,149,56,,invalid-argument-type,invalid-argument-type,"Argument to function `compile_rules` is incorrect: Expected `list[str | Path]`, found `list[str] & ~AlwaysFalsy`",,,,,,,,,,,,
ty,src\intellicrack\ui\panels\hex_editor\panel.py,230,9,,invalid-method-override,invalid-method-override,Invalid override of method `_populate_toolbar`: Definition is incompatible with `AnalysisPanelBase._populate_toolbar`,,,,,,,,,,,,
ty,src\intellicrack\ui\panels\hex_editor_widget.py,1924,19,,invalid-argument-type,invalid-argument-type,"Argument to function `exec` is incorrect: Expected `QMenu`, found `QPoint`",,,,,,,,,,,,
ty,src\intellicrack\ui\panels\process_panel\_base.py,117,9,,invalid-method-override,invalid-method-override,Invalid override of method `_populate_toolbar`: Definition is incompatible with `AnalysisPanelBase._populate_toolbar`,,,,,,,,,,,,
ty,src\intellicrack\ui\panels\sandbox_panel.py,96,9,,invalid-method-override,invalid-method-override,Invalid override of method `_populate_toolbar`: Definition is incompatible with `AnalysisPanelBase._populate_toolbar`,,,,,,,,,,,,
ty,src\intellicrack\ui\panels\x64dbg_panel.py,117,9,,invalid-method-override,invalid-method-override,Invalid override of method `_populate_toolbar`: Definition is incompatible with `AnalysisPanelBase._populate_toolbar`,,,,,,,,,,,,
ty,src\intellicrack\ui\tools.py,1730,19,,invalid-argument-type,invalid-argument-type,"Argument to function `exec` is incorrect: Expected `QMenu`, found `Unknown | QPoint`",,,,,,,,,,,,
ty,tests\core\test_process_manager_leaks.py,110,29,,unresolved-attribute,unresolved-attribute,Object of type `ProcessManager` has no attribute `sync_cleanup`,,,,,,,,,,,,
ty,tests\test_bridges\test_ghidra.py,416,9,,invalid-assignment,invalid-assignment,"Invalid subscript assignment with key of type `Literal[""ghidra_bridge""]` and value of type `None` on object of type `dict[str, ModuleType]`",,,,,,,,,,,,
ty,tests\test_core\test_config.py,166,9,,unresolved-attribute,unresolved-attribute,Object of type `Config` has no attribute `to_dict`,,,,,,,,,,,,
ty,tests\test_core\test_main.py,63,14,,unresolved-attribute,unresolved-attribute,Object of type `SessionStore` has no attribute `connection`,,,,,,,,,,,,
ty,tests\test_hexcore_e2e\test_bridge_error_handling.py,81,28,,invalid-assignment,invalid-assignment,Object of type `object` is not assignable to `bool`,,,,,,,,,,,,
ty,tests\test_hexcore_e2e\test_data_inspector.py,299,34,,,,"warning[redundant-cast] Value is already of type `dict[str, str]`",,,,,,,,,,,,
ty,tests\test_hexpat\test_interpreter.py,267,48,,invalid-argument-type,invalid-argument-type,"Argument to bound method `execute_bytes` is incorrect: Expected `bytes`, found `bytearray`",,,,,,,,,,,,
ty,tests\test_providers\test_agentic_capabilities.py,54,23,,unresolved-attribute,unresolved-attribute,Class `ToolName` has no attribute `BINARY`,,,,,,,,,,,,
ty,tests\test_providers\test_e2e_chat.py,90,23,,unresolved-attribute,unresolved-attribute,Class `ToolName` has no attribute `BINARY`,,,,,,,,,,,,
ty,tests\test_providers\test_local_xpu_e2e.py,77,23,,unresolved-attribute,unresolved-attribute,Class `ToolName` has no attribute `BINARY`,,,,,,,,,,,,
ty,tests\test_ui\test_icon_manager.py,264,16,,unresolved-attribute,unresolved-attribute,Object of type `IconManager` has no attribute `load_icon`,,,,,,,,,,,,
ty,tests\test_ui\test_panel_dock.py,91,9,,unresolved-attribute,unresolved-attribute,Object of type `DetachedPanelWindow` has no attribute `on_redock`,,,,,,,,,,,,
ty,tests\test_ui\test_xpu_status.py,193,16,,unresolved-attribute,unresolved-attribute,Object of type `XPUStatusDialog` has no attribute `status_label`,,,,,,,,,,,,
